Credit_Score,Income,Loan_Amount,Term,Age,Employment_Length,Num_of_Late_Payments,Num_Loans,Debt_to_Income,Home_Ownership,Marital_Status,Education_Level,Sex,Defaulted
699.6714153,129967.7718,10454.80946,15,33,16,1,0,0.397080285,RENT,MARRIED,DOCTORATE,MALE,1
636.1735699,106231.6841,5000,15,33,34,4,1,0.220785318,MORTGAGE,DIVORCED,BACHELOR,FEMALE,0
714.7688538,62981.5185,8579.399946,30,63,4,0,2,0.077050423,RENT,MARRIED,MASTER,FEMALE,0
802.3029856,27653.16111,5000,30,56,31,1,1,0.551201676,OWN,DIVORCED,BACHELOR,MALE,1
626.5846625,94911.16568,33029.7142,30,48,2,4,1,0.304632952,OWN,MARRIED,BACHELOR,MALE,0
626.5863043,79674.26927,50000,30,60,34,2,1,0.38810957,MORTGAGE,DIVORCED,MASTER,FEMALE,0
807.9212816,104759.661,5000,15,41,13,1,2,0.382793898,RENT,SINGLE,HIGH_SCHOOL,MALE,1
726.7434729,91758.59008,50000,30,18,30,1,2,0.42720346,RENT,SINGLE,BACHELOR,MALE,1
603.0525614,112477.6358,14787.03099,30,28,30,3,2,0.124332018,MORTGAGE,SINGLE,HIGH_SCHOOL,MALE,0
704.2560044,33238.23942,7121.093526,30,38,16,1,2,0.093299663,RENT,MARRIED,MASTER,MALE,0
603.6582307,125869.7033,5000,30,21,23,3,1,0.554932757,MORTGAGE,DIVORCED,BACHELOR,MALE,0
603.4270246,69879.98023,13887.92994,30,24,22,3,4,0.322127731,RENT,DIVORCED,HIGH_SCHOOL,FEMALE,0
674.1962272,163763.0436,31647.6978,30,43,17,2,4,0.00647603,OWN,SINGLE,HIGH_SCHOOL,MALE,1
458.6719755,25540.6091,24557.55716,30,64,13,2,2,0.323901639,MORTGAGE,SINGLE,BACHELOR,MALE,0
477.5082167,146798.1902,5000,15,67,14,4,3,0.107052778,RENT,SINGLE,MASTER,MALE,0
593.7712471,69895.53917,5000,30,29,14,1,0,0.173791618,RENT,DIVORCED,DOCTORATE,FEMALE,0
548.716888,27429.09982,10312.51862,30,48,5,1,3,0.28335918,RENT,SINGLE,HIGH_SCHOOL,FEMALE,0
681.4247333,35805.7083,6999.392188,30,34,26,2,3,0.183793956,MORTGAGE,MARRIED,MASTER,MALE,0
559.1975924,43982.63459,5289.321835,30,50,14,1,3,0.552444588,OWN,SINGLE,BACHELOR,MALE,1
508.7696299,81208.29732,6598.003569,15,28,35,3,4,0.084852747,RENT,SINGLE,HIGH_SCHOOL,MALE,0
796.5648769,86141.7744,32540.10062,15,45,7,3,0,0.373096384,MORTGAGE,DIVORCED,HIGH_SCHOOL,MALE,0
627.42237,31314.9998,50000,15,49,14,4,3,0.270184943,RENT,MARRIED,HIGH_SCHOOL,FEMALE,0
656.7528205,58782.27039,10387.32968,15,18,2,1,2,0.107328483,OWN,DIVORCED,MASTER,FEMALE,1
507.5251814,167113.5179,47312.84136,15,64,12,1,4,0.446110224,OWN,MARRIED,HIGH_SCHOOL,MALE,0
595.5617275,146377.1585,7757.289281,15,45,33,1,2,0.312639429,OWN,MARRIED,HIGH_SCHOOL,MALE,0
661.092259,81816.18348,12941.95772,30,59,23,1,2,0.074139781,MORTGAGE,SINGLE,BACHELOR,FEMALE,0
534.9006423,61900.17391,5124.417419,15,24,39,2,3,0.375232315,RENT,SINGLE,HIGH_SCHOOL,FEMALE,0
687.5698018,66001.56634,20459.48924,15,19,31,0,2,0.18307929,MORTGAGE,DIVORCED,MASTER,MALE,1
589.936131,90675.89864,50000,30,59,31,1,0,0.537293956,RENT,DIVORCED,BACHELOR,MALE,0
620.830625,8860.37174,18501.23652,15,41,29,2,2,0.408323788,MORTGAGE,DIVORCED,DOCTORATE,MALE,1
589.8293388,47131.17313,8857.548572,30,21,12,4,3,0.301509418,RENT,MARRIED,BACHELOR,FEMALE,1
835.2278185,23429.20369,20872.11237,30,61,0,0,2,0.268776664,MORTGAGE,DIVORCED,HIGH_SCHOOL,FEMALE,1
648.6502775,79961.15613,5000,15,36,33,0,4,0.543420609,RENT,MARRIED,DOCTORATE,FEMALE,0
544.2289071,92359.79699,43903.16871,30,43,14,1,4,0.22075029,MORTGAGE,MARRIED,BACHELOR,FEMALE,0
732.2544912,35840.67689,13986.68364,15,28,13,1,4,0.036451852,OWN,MARRIED,HIGH_SCHOOL,MALE,0
527.915635,138699.3382,11933.10824,15,57,28,4,1,0.300411123,MORTGAGE,MARRIED,BACHELOR,FEMALE,0
670.8863595,1288.28315,17631.25521,30,67,33,2,4,0.356983108,OWN,MARRIED,MASTER,FEMALE,1
454.0329876,13218.74401,19605.06106,30,60,17,2,4,0.172240873,OWN,SINGLE,HIGH_SCHOOL,FEMALE,1
517.1813951,71222.59093,5000,15,28,6,2,1,0.207951182,RENT,MARRIED,MASTER,MALE,0
669.6861236,112354.9151,22952.93459,30,62,28,5,4,0.27088767,OWN,MARRIED,HIGH_SCHOOL,FEMALE,0
723.846658,144196.3846,5539.635318,30,20,30,3,3,0.041947748,OWN,SINGLE,MASTER,FEMALE,0
667.1368281,37055.78686,25031.95723,15,29,24,4,4,0.481935294,RENT,SINGLE,DOCTORATE,FEMALE,0
638.4351718,113934.0417,34579.61428,15,20,37,3,4,0.269600423,MORTGAGE,SINGLE,MASTER,MALE,1
619.8896304,58074.57652,32588.57892,30,59,13,0,1,0.620824654,MORTGAGE,DIVORCED,BACHELOR,FEMALE,0
502.147801,51368.635,16081.61806,15,44,7,3,3,0.468833559,OWN,DIVORCED,HIGH_SCHOOL,MALE,0
578.0155792,104182.9969,14686.4636,15,66,26,2,2,0.254161989,MORTGAGE,MARRIED,BACHELOR,MALE,0
603.9361229,92616.14392,5000,15,19,1,3,0,0.138774256,OWN,MARRIED,MASTER,FEMALE,1
755.7122226,18819.60785,29863.89015,15,66,16,3,3,0.342785075,MORTGAGE,MARRIED,HIGH_SCHOOL,MALE,0
684.361829,133827.0175,6332.865382,15,33,36,1,2,0.458206024,MORTGAGE,MARRIED,MASTER,FEMALE,1
473.6959845,129004.5677,13731.19542,15,19,13,1,3,0.106406821,MORTGAGE,SINGLE,DOCTORATE,MALE,1
682.4083969,28721.86492,6689.159933,15,47,24,4,2,0.100932069,OWN,DIVORCED,DOCTORATE,MALE,0
611.491772,79790.17667,5000,30,37,29,0,2,0.496989154,RENT,SINGLE,DOCTORATE,FEMALE,0
582.3078,84701.50931,19861.15147,15,55,28,2,3,0.350054522,MORTGAGE,DIVORCED,MASTER,FEMALE,0
711.1676289,73033.68829,5000,30,45,19,3,1,0.307194883,MORTGAGE,SINGLE,MASTER,MALE,0
753.0999522,32484.74231,27617.79856,30,42,20,1,3,0.229673421,MORTGAGE,MARRIED,DOCTORATE,MALE,1
743.1280119,26418.8316,7642.398651,30,49,21,0,3,0.46288372,OWN,DIVORCED,MASTER,MALE,0
566.0782477,58722.29645,5000,15,27,34,3,2,0.157314885,RENT,MARRIED,BACHELOR,MALE,0
619.0787624,118636.451,14313.13826,15,59,36,2,0,0.153232324,OWN,DIVORCED,MASTER,FEMALE,0
683.1263431,87180.00773,5000,30,57,15,1,2,0.126201729,MORTGAGE,DIVORCED,BACHELOR,MALE,0
747.5545127,41469.2834,6463.962198,15,50,16,2,4,0.149553568,OWN,MARRIED,DOCTORATE,MALE,0
602.0825762,98584.93553,24550.04851,30,30,15,1,3,0.225825719,MORTGAGE,MARRIED,MASTER,FEMALE,0
631.4341023,82427.13103,5000,15,58,1,0,3,0.794883909,MORTGAGE,MARRIED,DOCTORATE,MALE,0
539.3665026,117438.285,36569.11128,15,59,3,2,1,0.315244607,OWN,SINGLE,HIGH_SCHOOL,FEMALE,0
530.3793376,26985.68894,5000,30,64,20,0,2,0.36853197,MORTGAGE,DIVORCED,MASTER,FEMALE,0
731.2525822,41877.95293,5669.123462,30,54,38,3,1,0.141542329,MORTGAGE,DIVORCED,MASTER,FEMALE,0
785.6240029,4016.505269,27011.13693,30,33,33,2,3,0.361873768,RENT,DIVORCED,DOCTORATE,MALE,0
642.7989878,4734.073786,7603.847902,15,62,29,4,2,0.238068371,OWN,MARRIED,DOCTORATE,FEMALE,1
750.3532898,118041.3394,5000,30,39,5,1,2,0.204205808,OWN,DIVORCED,DOCTORATE,FEMALE,0
686.1636025,36614.93993,8933.053351,15,37,16,0,4,0.505004071,MORTGAGE,DIVORCED,HIGH_SCHOOL,FEMALE,0
585.4880245,77325.19409,6304.99277,15,67,38,0,4,0.419870786,MORTGAGE,MARRIED,HIGH_SCHOOL,MALE,0
686.1395606,57653.97106,36993.52274,15,60,24,4,0,0.18486734,OWN,MARRIED,DOCTORATE,MALE,0
803.8036566,83852.04136,7518.550906,30,44,4,0,4,0.34464332,OWN,DIVORCED,MASTER,MALE,0
646.4173961,63841.09455,31111.54315,30,58,4,5,2,0.555553604,OWN,SINGLE,MASTER,MALE,1
806.4643656,4149.611209,44488.81815,30,33,19,0,4,0.62065946,MORTGAGE,MARRIED,DOCTORATE,FEMALE,0
388.0254896,109813.341,11376.77345,15,51,15,3,0,0.332610929,RENT,SINGLE,BACHELOR,FEMALE,0
732.1902504,35312.17084,48146.28146,15,49,36,2,3,0.465557801,RENT,SINGLE,HIGH_SCHOOL,FEMALE,0
658.7047068,17829.09493,9474.388211,30,43,39,1,4,0.387740421,MORTGAGE,SINGLE,HIGH_SCHOOL,MALE,0
620.099265,38594.24195,50000,15,42,8,1,2,0.283802717,MORTGAGE,SINGLE,BACHELOR,FEMALE,0
659.1760777,135037.9895,5000,15,19,4,1,3,0.18027771,MORTGAGE,MARRIED,DOCTORATE,MALE,0
451.2431085,102511.0871,23232.27289,30,29,1,2,2,0.360690321,OWN,DIVORCED,MASTER,MALE,1
628.0328112,42567.39328,13617.02336,30,57,8,3,3,0.26174893,MORTGAGE,DIVORCED,MASTER,MALE,0
685.7112572,42537.11478,9808.986275,30,26,35,2,2,0.370946441,OWN,MARRIED,HIGH_SCHOOL,FEMALE,0
797.7894045,43918.24744,20032.17335,15,29,21,3,4,0.174630538,RENT,MARRIED,BACHELOR,FEMALE,1
598.1729782,163837.3992,24338.26285,15,43,21,3,4,0.365636056,MORTGAGE,SINGLE,MASTER,MALE,1
569.1506397,79096.77261,5000,15,26,21,1,0,0.155734606,MORTGAGE,SINGLE,HIGH_SCHOOL,FEMALE,1
599.8242956,81502.08236,5000,15,27,33,2,3,0.122727762,OWN,MARRIED,MASTER,MALE,0
741.5402118,111514.1727,24968.67063,15,49,28,2,0,0.54118858,OWN,DIVORCED,MASTER,FEMALE,0
682.875111,71939.45795,21955.3777,30,51,37,2,1,0.333500884,OWN,SINGLE,MASTER,MALE,1
597.0239796,47047.89271,50000,15,65,32,4,4,0.116057611,RENT,MARRIED,HIGH_SCHOOL,MALE,0
701.3267433,50182.50755,28628.99716,15,37,17,1,3,0.282702556,RENT,MARRIED,BACHELOR,MALE,0
659.7077549,56419.93703,50000,15,56,6,0,0,0.320244902,MORTGAGE,MARRIED,DOCTORATE,FEMALE,1
746.8644991,58138.88817,24249.54406,30,19,0,1,0,0.372788442,MORTGAGE,SINGLE,BACHELOR,FEMALE,0
579.7946906,96381.47718,7077.92498,30,18,32,2,1,0.46293765,OWN,MARRIED,MASTER,FEMALE,1
617.2337853,62597.29429,5000,30,68,0,0,0,0.306852377,RENT,DIVORCED,BACHELOR,FEMALE,1
610.7891847,96632.00386,30449.05152,15,53,23,1,2,0.163415785,MORTGAGE,MARRIED,MASTER,FEMALE,1
503.6485052,55964.17099,20664.87595,30,41,3,0,4,0.11291657,OWN,SINGLE,HIGH_SCHOOL,MALE,0
679.6120277,63931.75952,5000,30,44,3,2,0,0.291995934,OWN,DIVORCED,HIGH_SCHOOL,FEMALE,0
676.1055272,39910.03423,8927.319174,30,19,17,2,0,0.391131658,RENT,DIVORCED,HIGH_SCHOOL,MALE,1
650.5113457,105816.3837,50000,15,48,26,3,1,0.212019528,RENT,MARRIED,MASTER,FEMALE,1
626.5412867,77324.42379,13878.99588,30,31,31,0,2,0.175917201,MORTGAGE,MARRIED,BACHELOR,FEMALE,0
508.4629258,109900.5055,11338.3675,15,19,32,5,0,0.178166911,MORTGAGE,DIVORCED,DOCTORATE,FEMALE,0
607.9354677,84812.76891,12238.70394,15,46,27,5,4,0.185009326,OWN,MARRIED,DOCTORATE,MALE,1
615.7285483,164418.7352,5000,30,32,35,1,4,0.287222456,OWN,SINGLE,HIGH_SCHOOL,FEMALE,0
569.7722731,53020.51859,9199.709051,15,29,5,4,0,0.244077625,OWN,DIVORCED,DOCTORATE,MALE,0
633.8714288,115409.1408,9234.781689,30,54,15,2,2,0.100390675,MORTGAGE,MARRIED,MASTER,FEMALE,0
690.4050857,8004.703644,5000,15,45,33,3,4,0.507084683,RENT,DIVORCED,BACHELOR,MALE,0
838.6185901,90638.69525,29183.11943,30,37,22,2,4,0.457498672,MORTGAGE,MARRIED,DOCTORATE,MALE,1
667.4577813,7329.221841,10774.36845,30,56,23,3,2,0.202678011,RENT,MARRIED,DOCTORATE,MALE,0
675.7550391,28811.55197,34539.6568,30,41,12,2,2,0.270880593,MORTGAGE,SINGLE,BACHELOR,MALE,0
642.5554084,155701.5677,37988.85375,15,38,17,2,0,0.123635658,MORTGAGE,MARRIED,DOCTORATE,FEMALE,0
458.1228785,50465.87996,5000,30,27,12,2,3,0.212609348,RENT,MARRIED,BACHELOR,FEMALE,0
647.3486125,70871.64366,21421.11847,15,63,36,2,1,0.017791437,MORTGAGE,MARRIED,MASTER,MALE,0
656.023021,103503.3865,12783.85716,30,31,38,0,3,0.212669383,MORTGAGE,SINGLE,MASTER,FEMALE,1
850,84784.0944,42431.41079,15,54,16,4,3,0.361773566,OWN,MARRIED,MASTER,MALE,0
630.7639035,67520.94526,5000,15,35,14,4,4,0.229231784,RENT,MARRIED,HIGH_SCHOOL,FEMALE,0
680.1547342,78248.05012,22652.47557,30,41,17,1,2,0.238286078,RENT,MARRIED,MASTER,FEMALE,0
646.528823,180170.7793,18717.22596,30,31,22,3,4,0.439110624,OWN,DIVORCED,DOCTORATE,FEMALE,0
533.1321962,57119.06015,6999.703908,30,51,29,0,1,0.324077489,RENT,SINGLE,HIGH_SCHOOL,MALE,0
764.2822815,70054.95234,5000,30,29,33,2,0,0.156357262,OWN,DIVORCED,HIGH_SCHOOL,FEMALE,0
725.1933033,112532.7198,21090.36327,30,39,3,0,1,0.392207445,RENT,SINGLE,HIGH_SCHOOL,MALE,0
729.1031947,115276.2966,26833.87508,15,23,2,3,4,0.232706486,RENT,SINGLE,MASTER,FEMALE,0
559.0612545,119351.5153,7585.053813,30,53,6,2,4,0.602107207,RENT,DIVORCED,HIGH_SCHOOL,MALE,0
790.2794311,91936.5111,20703.32125,30,62,17,1,4,0.254752999,RENT,SINGLE,MASTER,FEMALE,1
509.8148937,2849.754363,10054.86441,15,53,6,0,4,0.117570995,OWN,SINGLE,MASTER,MALE,1
708.6857094,141671.5766,24979.88342,30,39,39,0,3,0.175866912,OWN,DIVORCED,HIGH_SCHOOL,MALE,0
850,2682.730349,5000,30,31,5,4,0,0.228540995,RENT,MARRIED,HIGH_SCHOOL,MALE,0
550.9463675,75131.77326,44184.62791,15,33,21,2,3,0.477152512,MORTGAGE,SINGLE,DOCTORATE,FEMALE,1
593.370227,22286.2075,6776.969855,30,53,0,2,4,0.201327667,OWN,DIVORCED,HIGH_SCHOOL,MALE,0
659.9651365,56793.08267,9170.546304,30,42,3,3,2,0.105061572,RENT,SINGLE,MASTER,FEMALE,1
599.6524346,76438.12052,5000,30,49,28,5,3,0.136854849,OWN,DIVORCED,DOCTORATE,MALE,0
494.9336569,76067.86077,5000,15,50,20,3,4,0.070343527,MORTGAGE,MARRIED,DOCTORATE,MALE,0
656.8562975,81096.03771,14507.70176,30,62,25,0,4,0.329560646,MORTGAGE,SINGLE,MASTER,MALE,1
543.7696286,140685.5635,6228.369345,15,53,13,0,0,0.221022508,MORTGAGE,MARRIED,HIGH_SCHOOL,FEMALE,0
697.3592431,82676.71508,36094.49015,30,37,8,2,1,0.387163698,RENT,MARRIED,HIGH_SCHOOL,FEMALE,0
558.0575766,47792.16824,5000,15,35,11,2,3,0.414760502,RENT,DIVORCED,BACHELOR,FEMALE,1
804.9934405,108204.3584,9531.513113,30,55,5,2,3,0.25060604,MORTGAGE,SINGLE,HIGH_SCHOOL,FEMALE,1
571.6746708,119473.5244,8230.032227,15,20,19,3,3,0.474015346,OWN,SINGLE,BACHELOR,FEMALE,0
617.7938484,1380.390757,5000,15,40,23,0,4,0.057470115,OWN,SINGLE,DOCTORATE,FEMALE,0
731.3517217,89870.00349,5000,15,49,26,0,0,0.385481145,MORTGAGE,SINGLE,DOCTORATE,FEMALE,0
526.9135684,95058.63712,10676.51811,15,62,37,3,4,0.487125974,RENT,SINGLE,DOCTORATE,MALE,1
672.7459935,45121.82483,13579.54438,15,33,7,2,4,0.262736566,OWN,DIVORCED,BACHELOR,MALE,1
780.7142754,128785.3407,10360.01766,15,22,0,3,2,0.188110101,OWN,SINGLE,MASTER,FEMALE,1
489.2516765,52497.22065,15140.39275,30,21,23,1,0,0.549119828,OWN,MARRIED,MASTER,FEMALE,1
668.4633859,66278.82267,18083.86776,30,38,6,3,3,0.144146434,RENT,MARRIED,DOCTORATE,FEMALE,0
675.9882794,51346.40879,5000,15,57,18,3,1,0.286808844,MORTGAGE,SINGLE,BACHELOR,FEMALE,1
728.1822872,60778.95238,12475.9734,15,68,21,1,3,0.174212398,RENT,DIVORCED,BACHELOR,FEMALE,1
526.3049289,5186.245655,50000,15,31,34,3,4,0.163498908,OWN,DIVORCED,DOCTORATE,MALE,1
517.9543387,12002.54413,14639.10243,15,56,29,4,0,0.104121032,MORTGAGE,SINGLE,HIGH_SCHOOL,FEMALE,0
702.1941566,139725.2532,22635.66426,30,48,28,2,0,0.519476829,RENT,MARRIED,DOCTORATE,FEMALE,1
679.6984673,17651.93258,7475.371594,15,31,21,1,0,0.140958136,MORTGAGE,SINGLE,BACHELOR,FEMALE,0
675.049285,10430.38253,29743.64261,30,23,10,4,2,0.19427257,OWN,SINGLE,HIGH_SCHOOL,MALE,0
684.6448209,47669.50568,29649.18853,30,29,19,1,3,0.37066076,RENT,SINGLE,MASTER,MALE,0
581.9975278,28051.91262,14733.45852,15,33,28,1,2,0.267141763,MORTGAGE,DIVORCED,HIGH_SCHOOL,MALE,0
673.2253697,6154.48967,50000,15,34,33,3,1,0.181600504,RENT,DIVORCED,MASTER,MALE,0
679.3072473,142100.758,5000,30,62,0,1,4,0.172539207,OWN,MARRIED,BACHELOR,FEMALE,1
578.5648582,110490.8545,5000,30,40,30,4,2,0.274584528,MORTGAGE,MARRIED,DOCTORATE,MALE,0
836.5774511,25592.48274,29407.28168,15,31,29,3,2,0.18097732,OWN,SINGLE,DOCTORATE,MALE,0
697.3832921,172621.7903,32917.42616,15,24,17,0,4,0.391328309,MORTGAGE,MARRIED,DOCTORATE,MALE,0
530.8696503,109088.2743,5000,15,63,16,2,0,0.379265992,OWN,SINGLE,DOCTORATE,MALE,1
715.6553609,43758.43082,6173.561287,30,49,37,3,4,0.296525718,OWN,MARRIED,DOCTORATE,MALE,0
552.531833,64970.28574,5000,30,32,13,2,3,0.352614758,RENT,SINGLE,BACHELOR,FEMALE,0
728.7084604,174547.1286,6943.224317,15,61,22,1,4,0.193686544,OWN,DIVORCED,BACHELOR,MALE,0
765.8595579,9478.623338,29668.60904,30,34,24,4,0,0.268257814,RENT,SINGLE,DOCTORATE,MALE,0
567.9317682,22269.93735,14594.58551,30,58,14,1,4,0.182156982,OWN,DIVORCED,HIGH_SCHOOL,MALE,1
746.3376129,111128.5216,8557.146862,15,64,21,1,2,0.52618267,OWN,DIVORCED,DOCTORATE,FEMALE,1
691.2780927,181987.6203,9296.001263,15,61,2,0,1,0.124777548,OWN,MARRIED,MASTER,FEMALE,1
732.206016,129213.6409,5000,30,51,18,3,2,0.250795636,MORTGAGE,MARRIED,MASTER,FEMALE,0
839.6792983,88195.456,7127.800478,30,22,33,0,1,0.285786411,RENT,DIVORCED,MASTER,FEMALE,0
625.4611884,89737.71708,20795.10173,15,62,34,2,4,0.262109064,MORTGAGE,SINGLE,MASTER,FEMALE,0
574.6263836,102670.7779,50000,15,44,0,1,3,0.486972909,RENT,SINGLE,DOCTORATE,FEMALE,0
561.048557,97946.42949,37554.29997,15,69,20,1,4,0.216642158,OWN,MARRIED,MASTER,FEMALE,0
568.4189715,74059.5712,5000,15,40,28,2,0,0.280608165,MORTGAGE,SINGLE,HIGH_SCHOOL,FEMALE,0
642.2898291,65210.0552,45765.87498,15,57,5,4,4,0.346637055,RENT,SINGLE,DOCTORATE,MALE,0
684.1151975,56870.34361,30575.45381,30,31,36,4,1,0.294285947,OWN,SINGLE,MASTER,MALE,1
677.6690799,22301.77056,30316.77697,30,32,0,3,2,0.311447501,RENT,DIVORCED,DOCTORATE,FEMALE,1
732.7183249,45966.24616,12249.62906,30,60,0,4,3,0.167090865,RENT,DIVORCED,DOCTORATE,MALE,0
651.3001892,24647.84071,10150.13252,30,50,26,1,4,0.104117266,OWN,SINGLE,DOCTORATE,FEMALE,0
795.3534077,55083.01866,7216.9794,15,48,20,2,4,0.197085335,MORTGAGE,MARRIED,BACHELOR,MALE,1
623.5343167,10570.44464,5000,15,52,15,1,2,0.386842225,OWN,SINGLE,MASTER,MALE,0
850,4820.534139,5181.513009,15,34,39,1,3,0.289465077,MORTGAGE,MARRIED,BACHELOR,FEMALE,1
712.5667348,68994.70756,5663.27617,30,45,25,4,4,0.255550159,RENT,DIVORCED,HIGH_SCHOOL,MALE,0
564.2842444,129600.1143,13235.95769,30,36,15,2,4,0.224411114,RENT,SINGLE,HIGH_SCHOOL,FEMALE,1
542.9107502,105915.8303,27522.47765,30,63,27,0,1,0.600984247,RENT,SINGLE,BACHELOR,FEMALE,1
698.2472415,18525.03018,12841.85177,15,40,0,3,1,0.570592466,MORTGAGE,MARRIED,MASTER,MALE,0
627.6537215,10518.59317,5000,30,49,35,1,0,0.256654497,OWN,MARRIED,DOCTORATE,FEMALE,0
721.4000494,107038.5594,50000,15,57,9,2,2,0.083333356,MORTGAGE,SINGLE,HIGH_SCHOOL,MALE,0
697.3237625,10875.63032,50000,15,30,16,2,3,0.755933919,RENT,SINGLE,HIGH_SCHOOL,MALE,1
642.7171087,48768.3425,30759.98471,15,37,22,0,4,0.819732814,RENT,MARRIED,HIGH_SCHOOL,FEMALE,0
565.3206282,87502.60495,50000,15,52,6,2,4,0.485444749,OWN,DIVORCED,MASTER,FEMALE,0
498.5152775,11582.77726,15726.41553,15,22,6,5,0,0.234684629,MORTGAGE,MARRIED,BACHELOR,FEMALE,0
605.3485048,65268.77531,50000,15,26,14,2,4,0.568709737,RENT,SINGLE,BACHELOR,FEMALE,1
735.6398794,6701.274746,5000,30,46,33,3,2,0.443643969,MORTGAGE,DIVORCED,MASTER,FEMALE,1
671.4093744,29931.6178,9104.057993,15,23,3,0,0,0.274249817,MORTGAGE,DIVORCED,HIGH_SCHOOL,MALE,0
525.4261221,75989.09671,5107.686588,15,42,13,2,2,0.314705749,OWN,DIVORCED,MASTER,FEMALE,0
667.3180926,19649.68668,5000,30,48,13,1,0,0.116414802,OWN,DIVORCED,MASTER,MALE,0
688.531738,82023.7369,5000,15,39,15,3,4,0.464878345,RENT,SINGLE,BACHELOR,FEMALE,0
561.6142564,59018.11005,19479.11945,30,19,6,2,0,0.430905884,OWN,DIVORCED,MASTER,MALE,0
665.3725106,87624.49772,30403.08582,30,62,31,1,1,0.247247295,MORTGAGE,MARRIED,MASTER,MALE,0
655.8208718,71195.7067,17269.14645,30,22,18,2,3,0.097061419,OWN,MARRIED,HIGH_SCHOOL,MALE,1
535.7029702,128207.0215,5000,15,44,1,1,4,0.166673833,MORTGAGE,MARRIED,DOCTORATE,MALE,0
685.778736,66261.22513,33333.26692,15,42,9,2,3,0.135397317,RENT,SINGLE,HIGH_SCHOOL,MALE,1
706.0784526,38529.72294,20209.53976,30,25,16,5,4,0.393239784,MORTGAGE,DIVORCED,BACHELOR,FEMALE,0
758.3051243,66114.87515,9825.875896,15,18,36,3,3,0.260101442,OWN,MARRIED,DOCTORATE,MALE,0
755.3802052,87164.90145,22425.15314,15,37,11,4,1,0.449376511,OWN,MARRIED,HIGH_SCHOOL,FEMALE,0
512.2330632,62443.00352,6019.533892,30,61,5,2,3,0.074817416,RENT,MARRIED,MASTER,MALE,0
556.217496,62029.58456,8468.27069,30,40,21,2,0,0.407915195,OWN,DIVORCED,MASTER,FEMALE,0
701.5035267,24900.41561,49895.70804,15,49,31,0,3,0.307335102,RENT,MARRIED,DOCTORATE,MALE,1
701.3785951,26854.95412,6864.022658,30,28,19,2,4,0.394767371,RENT,DIVORCED,DOCTORATE,MALE,0
701.5047686,10130.26359,12697.12274,30,56,0,1,2,0.151208442,OWN,DIVORCED,MASTER,FEMALE,0
850,147478.8372,44171.17609,30,64,5,1,3,0.251066296,MORTGAGE,DIVORCED,BACHELOR,FEMALE,1
707.0890511,2193.16177,24600.95304,15,41,18,2,3,0.214989062,RENT,SINGLE,HIGH_SCHOOL,MALE,0
763.556564,25354.74011,5000,15,28,17,3,3,0.464802462,MORTGAGE,SINGLE,MASTER,MALE,0
745.4001763,24079.63672,5000,15,46,5,1,4,0.07971573,OWN,DIVORCED,HIGH_SCHOOL,FEMALE,0
715.1391251,104746.2188,5000,30,43,32,2,3,0.108587698,MORTGAGE,DIVORCED,HIGH_SCHOOL,MALE,1
618.4730755,45252.51609,19934.93414,15,33,22,1,4,0.119740625,MORTGAGE,SINGLE,HIGH_SCHOOL,MALE,1
725.896922,122387.1036,11872.31574,30,52,22,2,4,0.109521863,MORTGAGE,SINGLE,HIGH_SCHOOL,FEMALE,0
572.7174785,26325.46879,5000,15,37,25,1,2,0.120186715,MORTGAGE,DIVORCED,BACHELOR,MALE,0
626.3181393,73949.70811,50000,15,63,12,1,0,0.248889345,OWN,SINGLE,BACHELOR,MALE,1
601.4636452,18232.64734,15085.97709,30,20,6,3,4,0.328664821,OWN,MARRIED,BACHELOR,FEMALE,1
658.1874139,167257.4564,5538.622606,15,18,14,3,1,0.092199965,MORTGAGE,DIVORCED,MASTER,MALE,0
850,620.0790485,13887.10104,30,64,26,1,3,0.241999115,OWN,DIVORCED,MASTER,FEMALE,1
463.2734807,75491.03551,22764.97053,15,18,25,0,1,0.303104261,OWN,SINGLE,MASTER,FEMALE,0
718.626019,91688.84405,5000,15,34,32,3,3,0.403005837,RENT,MARRIED,BACHELOR,MALE,0
488.7284129,80689.95487,6423.503532,30,19,14,3,2,0.050600471,OWN,SINGLE,HIGH_SCHOOL,MALE,0
602.8068134,50735.61706,32897.72605,30,46,35,3,4,0.344893186,MORTGAGE,MARRIED,BACHELOR,FEMALE,0
758.8950597,53508.96501,12311.31443,30,37,26,0,0,0.303547413,OWN,MARRIED,MASTER,FEMALE,0
656.4280019,62190.5736,15818.60255,15,23,4,0,4,0.2388662,OWN,DIVORCED,DOCTORATE,MALE,1
542.2255222,52649.89992,11341.43034,15,25,1,0,3,0.170938968,OWN,MARRIED,MASTER,FEMALE,0
578.4696291,108193.9558,5000,15,46,32,4,0,0.108073235,OWN,DIVORCED,HIGH_SCHOOL,MALE,0
717.9597749,170526.1501,5000,30,65,15,1,4,0.072126211,RENT,MARRIED,BACHELOR,FEMALE,0
576.9633368,32125.41075,11795.27135,30,68,22,3,0,0.38813671,MORTGAGE,DIVORCED,DOCTORATE,FEMALE,1
671.645859,8490.148979,5000,30,50,37,0,3,0.087311421,MORTGAGE,MARRIED,DOCTORATE,FEMALE,1
654.557184,55585.89758,5000,15,20,15,0,2,0.116974916,OWN,SINGLE,HIGH_SCHOOL,MALE,0
584.8399652,188985.4669,37113.12093,15,52,13,4,2,0.322453169,OWN,MARRIED,BACHELOR,FEMALE,0
850,19816.2716,50000,30,22,28,1,4,0.026861395,RENT,SINGLE,DOCTORATE,FEMALE,0
713.3919022,141955.8403,31514.53873,15,44,25,2,1,0.268871491,OWN,MARRIED,MASTER,FEMALE,0
447.4857413,143885.0407,38453.53205,30,61,34,4,3,0.195231496,RENT,MARRIED,HIGH_SCHOOL,FEMALE,0
668.6454315,32320.58791,5540.834454,15,29,14,1,4,0.304562431,MORTGAGE,DIVORCED,DOCTORATE,MALE,0
583.8213535,88449.15396,50000,15,37,2,0,4,0.149707056,MORTGAGE,MARRIED,HIGH_SCHOOL,FEMALE,1
735.2433335,141419.8312,5000,30,62,22,1,2,0.227930037,RENT,MARRIED,BACHELOR,MALE,0
570.7479262,41043.61295,50000,15,37,28,2,0,0.32845547,MORTGAGE,MARRIED,BACHELOR,FEMALE,0
638.5263559,49820.98199,50000,15,26,33,1,3,0.514405203,OWN,SINGLE,BACHELOR,FEMALE,0
700.4987279,30915.9543,24876.65563,30,56,32,1,0,0.181207061,OWN,DIVORCED,MASTER,MALE,0
736.5755194,9262.163465,50000,30,21,22,1,3,0.172727477,RENT,DIVORCED,DOCTORATE,MALE,0
529.9703593,27536.12275,16858.00725,15,68,6,3,1,0.109197959,MORTGAGE,MARRIED,BACHELOR,FEMALE,0
616.5498764,1197.013338,6009.72145,30,36,2,1,2,0.231196379,MORTGAGE,MARRIED,MASTER,FEMALE,1
602.5054689,61704.17341,11489.36686,15,55,31,1,1,0.431111692,RENT,SINGLE,BACHELOR,FEMALE,0
584.6670767,21501.33845,18006.42528,30,44,30,3,4,0.363209754,RENT,MARRIED,BACHELOR,MALE,0
826.545424,71689.29559,5000,15,62,17,1,2,0.343786885,MORTGAGE,DIVORCED,DOCTORATE,FEMALE,0
690.4981711,17794.78231,19475.39207,15,60,6,2,4,0.408722444,RENT,DIVORCED,MASTER,MALE,1
523.9116046,76544.01161,50000,30,30,0,0,1,0.179088365,OWN,SINGLE,BACHELOR,FEMALE,0
741.7861947,101676.4481,5000,15,30,13,1,3,0.018022173,MORTGAGE,SINGLE,MASTER,MALE,1
850,39686.78213,31461.64872,15,39,31,3,4,0.164467201,RENT,DIVORCED,MASTER,MALE,0
753.2465261,78702.82849,47697.34478,30,45,5,1,0,0.390318915,RENT,SINGLE,BACHELOR,MALE,0
498.0630034,121383.4496,50000,30,69,38,4,3,0.130436531,RENT,MARRIED,BACHELOR,FEMALE,1
601.5765927,482.0509346,50000,15,64,9,2,3,0.40739828,MORTGAGE,MARRIED,HIGH_SCHOOL,FEMALE,0
776.6911149,143628.6193,14740.29444,30,62,6,0,1,0.250650583,OWN,SINGLE,DOCTORATE,MALE,0
579.2330534,80950.95047,50000,30,39,25,4,1,0.287925595,OWN,DIVORCED,BACHELOR,MALE,0
694.3819428,24749.40721,28319.42447,15,60,33,2,2,0.401616393,MORTGAGE,SINGLE,HIGH_SCHOOL,MALE,1
727.4634053,57211.54612,5000,15,36,29,1,2,0.201473422,RENT,DIVORCED,DOCTORATE,FEMALE,0
557.3069528,87916.34563,12959.65664,30,25,35,1,0,0.571115365,MORTGAGE,SINGLE,BACHELOR,FEMALE,0
644.0474644,63800.26957,25340.46558,30,69,20,2,3,0.25267676,MORTGAGE,SINGLE,MASTER,FEMALE,0
325.873266,86937.79962,5682.842,30,25,16,1,0,0.558844381,RENT,SINGLE,DOCTORATE,MALE,0
547.5612359,13966.32035,20467.23105,15,59,32,2,0,0.296220894,MORTGAGE,MARRIED,MASTER,FEMALE,0
624.7431849,68468.0412,21968.27491,15,43,9,2,1,0.173755339,OWN,MARRIED,HIGH_SCHOOL,FEMALE,0
525.2216818,10685.72485,5000,15,65,11,1,0,0.374018063,MORTGAGE,DIVORCED,BACHELOR,FEMALE,0
813.2411304,54438.69693,16652.10775,15,68,15,1,0,0.302367334,RENT,SINGLE,HIGH_SCHOOL,MALE,0
506.9858622,14804.61793,29535.49264,15,43,31,5,4,0.094759425,MORTGAGE,MARRIED,BACHELOR,FEMALE,0
605.9955513,23223.50287,13818.8189,15,40,14,1,2,0.495636504,OWN,SINGLE,BACHELOR,FEMALE,0
663.0740577,121804.6588,5000,15,60,26,6,2,0.34285435,MORTGAGE,DIVORCED,MASTER,FEMALE,0
794.1273289,114565.506,5000,30,30,27,4,3,0.525417175,MORTGAGE,MARRIED,HIGH_SCHOOL,FEMALE,1
506.4137849,90456.90605,8833.123836,30,45,16,2,2,0.296433315,MORTGAGE,DIVORCED,MASTER,FEMALE,1
766.3163752,5384.361766,50000,15,26,1,1,3,0.150496577,MORTGAGE,MARRIED,MASTER,MALE,0
651.0233061,44179.57752,5192.955419,15,37,35,1,4,0.305099351,RENT,SINGLE,MASTER,MALE,1
551.8491349,120654.885,20122.3225,15,36,6,3,2,0.303417537,OWN,DIVORCED,HIGH_SCHOOL,MALE,1
696.2103474,67085.84568,5022.525595,30,65,12,2,4,0.176676606,OWN,MARRIED,BACHELOR,MALE,0
669.9059696,175966.477,7762.427371,15,56,14,1,2,0.195771997,OWN,MARRIED,BACHELOR,FEMALE,0
589.9783123,79665.89197,37683.03404,30,68,24,4,2,0.242388203,MORTGAGE,SINGLE,HIGH_SCHOOL,FEMALE,0
656.9802085,69602.45582,26102.50611,30,29,22,2,4,0.524259383,OWN,DIVORCED,BACHELOR,MALE,1
611.4686403,44544.17679,5000,30,32,21,1,0,0.051005661,RENT,DIVORCED,HIGH_SCHOOL,MALE,0
661.3517345,66677.04524,11196.88702,30,48,25,3,0,0.216269787,MORTGAGE,DIVORCED,HIGH_SCHOOL,MALE,0
716.2130675,52376.50818,5000,30,31,32,2,0,0.525976401,MORTGAGE,SINGLE,BACHELOR,FEMALE,0
808.6016816,95405.43383,13112.79509,15,28,10,4,0,0.093505549,OWN,MARRIED,DOCTORATE,FEMALE,1
526.2184501,107835.1158,21719.88534,15,43,9,4,2,0.794805817,MORTGAGE,MARRIED,MASTER,FEMALE,0
850,20700.52697,5000,30,59,24,1,1,0.401655333,MORTGAGE,DIVORCED,HIGH_SCHOOL,MALE,1
454.79122,6561.647678,6818.420647,15,44,36,4,4,0.121385553,OWN,MARRIED,HIGH_SCHOOL,MALE,1
634.8214905,31810.26866,10144.52969,30,28,37,0,1,0.298310634,RENT,DIVORCED,DOCTORATE,MALE,0
708.8317206,85399.56635,50000,30,55,23,3,1,0.164953079,RENT,SINGLE,HIGH_SCHOOL,FEMALE,0
678.0991868,4831.669691,50000,15,51,39,3,3,0.152938209,OWN,SINGLE,HIGH_SCHOOL,FEMALE,0
587.730048,47644.52965,5000,15,60,32,2,0,0.311191618,RENT,SINGLE,BACHELOR,MALE,1
629.187775,79428.93023,28626.49761,15,36,16,3,2,0.039912409,RENT,DIVORCED,BACHELOR,MALE,1
600.6999065,184649.9759,9295.516486,15,23,23,1,0,0.053659208,RENT,MARRIED,DOCTORATE,FEMALE,1
591.0635243,59696.45442,9966.685538,15,63,36,4,0,0.318214268,MORTGAGE,SINGLE,HIGH_SCHOOL,FEMALE,0
734.9602097,101924.5387,28070.02902,30,69,1,3,1,0.180757974,MORTGAGE,DIVORCED,MASTER,MALE,0
685.7015486,64091.46793,50000,15,55,31,0,3,0.364055709,MORTGAGE,DIVORCED,BACHELOR,MALE,0
580.7090405,55055.51734,50000,15,66,23,2,0,0.260879912,RENT,SINGLE,MASTER,FEMALE,0
739.9599875,105953.8241,17213.45887,15,59,8,1,4,0.15596354,MORTGAGE,SINGLE,MASTER,MALE,1
680.7299521,45486.27279,8835.980013,30,45,3,0,4,0.378519344,RENT,SINGLE,DOCTORATE,MALE,0
731.2862119,73369.6157,30980.88619,15,18,16,3,0,0.302337746,OWN,MARRIED,DOCTORATE,FEMALE,0
712.9628842,76084.89031,5780.362846,30,52,16,1,1,0.767242989,RENT,MARRIED,HIGH_SCHOOL,MALE,0
567.1004989,26595.47732,16605.65682,15,57,29,1,1,0.185546736,MORTGAGE,DIVORCED,DOCTORATE,FEMALE,0
593.981896,109602.1175,8881.368238,15,25,39,1,2,0.096307522,RENT,SINGLE,BACHELOR,MALE,0
724.7293605,51252.01217,21378.99646,30,69,10,4,3,0.476004302,MORTGAGE,SINGLE,HIGH_SCHOOL,FEMALE,0
711.0370265,22212.74203,5499.237378,15,64,20,3,1,0.228941357,MORTGAGE,MARRIED,HIGH_SCHOOL,MALE,1
647.9098406,86825.49218,5000,15,24,20,0,2,0.111519942,OWN,SINGLE,MASTER,MALE,0
661.7327383,15076.60091,50000,30,28,17,1,4,0.311985989,OWN,DIVORCED,MASTER,MALE,0
777.7664896,61409.05787,5000,15,56,28,4,4,0.291609038,MORTGAGE,SINGLE,MASTER,FEMALE,0
590.8428611,59544.05017,14102.69117,30,21,23,2,4,0.253686659,RENT,MARRIED,HIGH_SCHOOL,MALE,1
704.7097381,114294.7783,5000,30,42,9,1,0,0.362379856,OWN,DIVORCED,DOCTORATE,MALE,0
629.7807348,83734.91164,5000,30,29,16,2,3,0.184665329,OWN,DIVORCED,DOCTORATE,FEMALE,1
628.2318797,58748.65206,5000,30,43,17,1,2,0.464443206,MORTGAGE,SINGLE,DOCTORATE,MALE,0
759.8776852,100888.315,5000,30,55,19,3,3,0.335616265,RENT,DIVORCED,HIGH_SCHOOL,FEMALE,0
732.5416349,129510.3775,40313.61964,15,63,36,3,0,0.104436556,OWN,SINGLE,HIGH_SCHOOL,FEMALE,0
731.3509636,87890.51532,6639.054133,15,29,17,6,2,0.370691531,OWN,SINGLE,HIGH_SCHOOL,FEMALE,0
780.5478807,60517.63099,50000,15,60,16,1,2,0.205925133,RENT,MARRIED,HIGH_SCHOOL,MALE,1
652.1003842,5591.811618,17427.41298,30,68,8,3,1,0.773960456,OWN,DIVORCED,HIGH_SCHOOL,FEMALE,0
718.1952971,6744.316846,11475.8122,30,54,13,1,3,0.176459069,RENT,SINGLE,DOCTORATE,MALE,0
618.9733243,44738.76478,17354.24202,30,63,28,4,3,0.108612006,MORTGAGE,SINGLE,HIGH_SCHOOL,FEMALE,0
682.4166352,29524.38989,14542.28718,30,41,30,2,1,0.161340391,OWN,SINGLE,DOCTORATE,MALE,1
636.9856946,50651.43485,28440.60737,15,33,3,3,4,0.223894356,MORTGAGE,DIVORCED,HIGH_SCHOOL,FEMALE,1
659.6995965,62832.49624,6639.536968,15,30,17,1,0,0.227444273,RENT,DIVORCED,DOCTORATE,FEMALE,0
709.5157025,86484.63772,8709.73745,30,42,19,2,3,0.360445842,MORTGAGE,DIVORCED,BACHELOR,MALE,0
568.1779317,56475.0611,44904.12455,30,69,8,2,1,0.068011291,MORTGAGE,SINGLE,BACHELOR,FEMALE,1
850,84325.08219,50000,15,21,12,2,2,0.130863734,MORTGAGE,DIVORCED,DOCTORATE,MALE,1
549.3982619,63223.72074,44616.12458,30,28,14,1,1,0.269167284,RENT,SINGLE,BACHELOR,FEMALE,0
528.5811387,38773.32832,10875.51787,30,49,26,4,4,0.090623213,RENT,DIVORCED,BACHELOR,MALE,0
765.8110874,13033.23031,30315.80983,30,66,14,1,0,0.385811108,RENT,DIVORCED,DOCTORATE,FEMALE,1
729.1662694,52795.62221,12938.09025,15,24,27,1,4,0.134620237,RENT,SINGLE,HIGH_SCHOOL,FEMALE,0
712.4119817,484.7371421,13764.779,15,63,36,2,2,0.181760799,RENT,DIVORCED,HIGH_SCHOOL,MALE,0
712.8345509,89996.4365,5000,30,28,18,2,2,0.086715005,OWN,SINGLE,DOCTORATE,FEMALE,1
648.7753227,136537.5416,17887.17527,15,45,25,5,2,0.079777979,OWN,DIVORCED,MASTER,MALE,0
560.2745629,120938.0926,5000,30,58,25,0,2,0.466711355,OWN,DIVORCED,MASTER,MALE,1
657.5804558,49327.85645,8056.313391,30,40,24,0,1,0.234626178,MORTGAGE,DIVORCED,BACHELOR,FEMALE,0
582.2838288,134536.3068,38624.59691,15,62,25,2,2,0.150909426,MORTGAGE,DIVORCED,MASTER,FEMALE,1
747.5119733,67433.37286,5000,30,40,25,1,2,0.401185006,RENT,MARRIED,BACHELOR,FEMALE,0
635.2942618,43145.70144,5000,30,67,27,4,1,0.736205891,RENT,SINGLE,HIGH_SCHOOL,MALE,1
567.4502803,29329.86682,5000,15,45,17,4,2,0.218447177,OWN,MARRIED,DOCTORATE,MALE,0
617.8614158,44876.51568,50000,30,60,31,2,4,0.469926749,RENT,DIVORCED,HIGH_SCHOOL,FEMALE,0
691.2931454,40591.15907,14141.69469,30,64,2,1,4,0.434915508,MORTGAGE,DIVORCED,DOCTORATE,MALE,0
593.6275447,68520.81112,10532.735,30,43,1,1,3,0.299463908,RENT,SINGLE,MASTER,FEMALE,1
567.7779604,68028.69905,33307.32083,15,42,32,4,4,0.239706118,OWN,SINGLE,HIGH_SCHOOL,FEMALE,0
674.3687211,60152.30101,36136.55998,30,46,18,1,0,0.664582652,RENT,SINGLE,HIGH_SCHOOL,FEMALE,0
674.4966571,81846.90849,8075.062481,15,36,16,8,0,0.100001394,MORTGAGE,SINGLE,BACHELOR,MALE,0
599.3056825,119532.3137,23658.45554,30,50,32,0,0,0.526087129,OWN,DIVORCED,DOCTORATE,MALE,0
602.8961694,107477.7068,29491.39466,30,53,11,1,1,0.21646972,RENT,SINGLE,MASTER,FEMALE,0
673.2049937,14244.89842,21263.97745,30,31,2,3,4,0.18390931,MORTGAGE,MARRIED,HIGH_SCHOOL,MALE,1
505.1915659,67696.05675,5000,30,31,25,1,0,0.083575149,OWN,SINGLE,DOCTORATE,FEMALE,0
509.2536226,106715.9956,41730.62565,15,52,34,3,3,0.212765194,OWN,SINGLE,MASTER,FEMALE,0
578.1555779,8343.934921,15491.24721,15,47,7,2,1,0.091736658,MORTGAGE,MARRIED,HIGH_SCHOOL,MALE,1
628.6552848,48761.72991,6638.878039,30,45,35,2,3,0.469934474,RENT,MARRIED,DOCTORATE,FEMALE,0
681.0907566,1494.348697,11075.64322,30,34,6,1,4,0.25934278,RENT,MARRIED,BACHELOR,FEMALE,0
797.5356217,30099.02188,5000,30,20,35,2,2,0.379237433,RENT,MARRIED,HIGH_SCHOOL,FEMALE,0
735.7659623,87073.13641,5000,30,33,15,0,3,0.21929833,OWN,SINGLE,DOCTORATE,FEMALE,0
634.006147,97957.75802,29009.98147,30,63,23,1,2,0.358658988,OWN,MARRIED,MASTER,FEMALE,0
648.0983792,31174.47996,5000,30,47,0,0,1,0.146340031,RENT,DIVORCED,MASTER,MALE,0
549.7470635,69552.11461,10776.473,30,69,24,5,3,0.187142943,OWN,SINGLE,BACHELOR,MALE,1
648.1486864,32687.77759,14784.24882,30,46,9,4,3,0.127243512,OWN,DIVORCED,HIGH_SCHOOL,FEMALE,0
621.1341361,79590.20027,5000,15,62,15,3,1,0.387302669,MORTGAGE,SINGLE,BACHELOR,MALE,0
682.271856,13945.57844,50000,15,32,15,1,1,0.168203904,RENT,SINGLE,DOCTORATE,FEMALE,1
567.2769056,69167.99599,5126.906904,15,63,7,2,0,0.382201184,RENT,DIVORCED,MASTER,FEMALE,0
701.9346514,59234.50754,7253.823523,30,42,28,1,4,0.020898412,RENT,MARRIED,BACHELOR,FEMALE,1
803.2738913,88964.57498,7246.460494,30,68,38,4,3,0.555759771,OWN,MARRIED,HIGH_SCHOOL,FEMALE,0
639.1239852,65979.01842,5238.120605,30,55,27,1,3,0.22394141,OWN,DIVORCED,DOCTORATE,MALE,0
690.1711722,11346.55296,5000,15,59,5,0,1,0.372544156,OWN,MARRIED,HIGH_SCHOOL,MALE,0
719.0143992,119828.5751,26138.19142,30,64,15,3,1,0.020984055,RENT,SINGLE,BACHELOR,FEMALE,0
609.8779528,52073.52135,50000,15,69,19,1,4,0.050592589,OWN,SINGLE,MASTER,MALE,0
672.4092482,58634.77302,5079.620609,30,55,15,3,1,0.794536371,RENT,SINGLE,MASTER,FEMALE,0
651.2592401,13336.60205,21756.24787,15,40,6,0,2,0.178172514,OWN,MARRIED,BACHELOR,MALE,0
659.7676099,37835.88744,27087.87883,15,42,13,2,2,0.531012953,RENT,MARRIED,HIGH_SCHOOL,FEMALE,0
572.6990216,15759.8643,37733.54456,15,59,25,2,2,0.137303715,MORTGAGE,DIVORCED,HIGH_SCHOOL,FEMALE,0
652.4510174,51352.697,10985.41159,30,24,25,1,2,0.275340935,OWN,SINGLE,HIGH_SCHOOL,FEMALE,0
699.7998291,145585.424,7217.414841,15,39,13,3,4,0.254664981,RENT,DIVORCED,HIGH_SCHOOL,MALE,0
795.1143608,8595.057147,7869.598386,30,34,6,3,3,0.142707004,MORTGAGE,MARRIED,MASTER,MALE,0
745.9270826,20678.06989,24939.09072,30,35,32,1,2,0.239369372,MORTGAGE,DIVORCED,HIGH_SCHOOL,FEMALE,0
850,133558.5164,33941.29501,30,66,25,1,1,0.099047496,OWN,MARRIED,BACHELOR,MALE,0
573.2652437,49533.81614,5000,30,58,19,3,2,0.596103983,RENT,SINGLE,BACHELOR,MALE,0
737.2320637,26546.36307,9270.604799,30,27,2,1,4,0.273845194,OWN,SINGLE,BACHELOR,MALE,0
668.3342006,111995.2344,46443.55498,15,27,3,0,1,0.239438431,MORTGAGE,MARRIED,BACHELOR,MALE,0
850,29719.22301,32869.56737,30,24,25,1,2,0.095921994,OWN,MARRIED,HIGH_SCHOOL,MALE,1
569.1701715,151300.4857,50000,30,65,10,3,3,0.312083956,RENT,MARRIED,MASTER,MALE,0
566.0278158,93896.29357,28068.66877,30,67,1,4,1,0.091315341,MORTGAGE,SINGLE,DOCTORATE,MALE,0
590.0607355,35604.42959,9990.962458,30,55,13,2,1,0.098179011,OWN,MARRIED,HIGH_SCHOOL,MALE,1
437.6104276,167865.4107,17863.10047,30,44,29,0,3,0.140693406,OWN,SINGLE,DOCTORATE,MALE,1
597.4244978,29714.25385,21635.94441,15,69,11,2,1,0.036471022,OWN,DIVORCED,MASTER,MALE,1
574.0867338,97104.7686,5000,15,50,25,1,2,0.09036713,OWN,SINGLE,HIGH_SCHOOL,MALE,0
665.0393786,74964.62902,15727.05773,30,18,32,3,1,0.275121073,OWN,DIVORCED,DOCTORATE,MALE,0
684.1755976,125087.0645,24710.70247,15,61,12,2,2,0.293322413,MORTGAGE,SINGLE,MASTER,MALE,1
837.6170839,138075.5598,5000,15,51,13,2,3,0.097938663,MORTGAGE,SINGLE,DOCTORATE,FEMALE,1
745.0423838,61600.20745,30340.06612,30,21,23,2,0,0.354029352,RENT,MARRIED,BACHELOR,FEMALE,0
592.3096344,22329.10648,17530.47934,15,34,33,0,3,0.392733459,OWN,SINGLE,BACHELOR,MALE,0
560.1585329,82998.60715,50000,30,21,25,3,2,0.421106972,RENT,MARRIED,MASTER,MALE,1
699.1919172,26114.23151,5000,15,60,20,2,4,0.467208933,MORTGAGE,MARRIED,MASTER,MALE,0
517.9766793,160669.3624,6166.572056,15,43,27,0,3,0.209199362,OWN,MARRIED,DOCTORATE,FEMALE,0
833.1458766,66826.76655,18403.6599,15,21,35,2,4,0.167095377,RENT,SINGLE,MASTER,FEMALE,0
767.9440121,41733.92243,7035.451382,30,18,39,2,4,0.241350624,OWN,MARRIED,BACHELOR,MALE,0
603.0824348,69234.01529,25064.9532,15,24,1,2,2,0.297079463,OWN,DIVORCED,BACHELOR,MALE,0
478.6865471,7356.314476,28459.6053,15,47,8,2,2,0.413202112,RENT,DIVORCED,HIGH_SCHOOL,MALE,0
785.3872374,11419.29807,5000,30,67,22,3,0,0.058456217,MORTGAGE,SINGLE,DOCTORATE,MALE,1
638.5460155,120020.6954,14424.94487,30,26,14,1,1,0.316994216,RENT,MARRIED,MASTER,MALE,0
773.7816312,27155.28605,14221.7655,15,52,12,2,3,0.216348441,RENT,DIVORCED,MASTER,FEMALE,0
490.5572341,7654.450866,9217.889524,30,25,22,2,2,0.240931555,RENT,SINGLE,MASTER,MALE,1
590.0624977,86832.63763,50000,15,41,16,3,3,0.23130285,OWN,SINGLE,DOCTORATE,FEMALE,0
650.52437,119285.2077,35147.8936,15,36,1,2,4,0.145692344,MORTGAGE,SINGLE,BACHELOR,MALE,0
654.6980594,95947.66553,23894.27483,30,53,19,4,1,0.288155755,MORTGAGE,SINGLE,MASTER,MALE,0
604.9934529,109802.3843,25058.12408,30,67,19,2,0,0.316166979,OWN,SINGLE,MASTER,FEMALE,0
712.2849932,22160.24557,12387.38488,30,69,2,1,3,0.30582044,MORTGAGE,MARRIED,BACHELOR,FEMALE,0
543.2379571,11090.53334,50000,15,60,11,1,1,0.179076725,RENT,MARRIED,MASTER,MALE,0
635.7620515,135066.6826,23722.35827,30,44,39,0,0,0.206114167,MORTGAGE,MARRIED,HIGH_SCHOOL,FEMALE,1
662.0295632,43866.00806,26111.33155,15,49,1,2,3,0.042377391,OWN,MARRIED,BACHELOR,MALE,1
701.4438834,47458.34918,39565.28542,30,31,35,4,1,0.137372627,MORTGAGE,SINGLE,BACHELOR,FEMALE,0
721.1614878,126409.7071,6406.077539,15,35,13,1,2,0.073293223,OWN,SINGLE,BACHELOR,FEMALE,0
537.5357908,87811.50047,32908.6507,30,45,15,0,3,0.409509672,RENT,DIVORCED,HIGH_SCHOOL,MALE,0
496.5885829,82794.3886,5000,15,46,18,2,1,0.163715368,OWN,DIVORCED,BACHELOR,MALE,0
777.7676822,168250.1172,8472.844883,30,33,33,0,0,0.28672436,MORTGAGE,MARRIED,DOCTORATE,FEMALE,0
683.2314012,27824.08848,8177.732725,15,52,5,0,1,0.250481542,RENT,SINGLE,DOCTORATE,MALE,1
575.1513463,106392.0064,50000,30,64,12,3,2,0.226345441,MORTGAGE,DIVORCED,DOCTORATE,FEMALE,0
805.1151976,62850.65624,38833.59353,30,48,35,2,3,0.097876761,OWN,DIVORCED,BACHELOR,FEMALE,0
661.5674634,73429.61394,24157.59932,15,21,21,3,3,0.193273462,RENT,DIVORCED,BACHELOR,MALE,0
767.9297184,136423.4213,25969.82847,30,54,17,1,3,0.477434014,OWN,DIVORCED,BACHELOR,FEMALE,0
656.7518481,85391.78781,16514.05159,15,34,11,1,2,0.402204327,MORTGAGE,MARRIED,HIGH_SCHOOL,MALE,1
850,86914.80395,50000,15,56,29,2,0,0.526643701,OWN,SINGLE,DOCTORATE,MALE,1
825.5340842,113625.3669,13713.85083,30,65,39,4,3,0.561857184,MORTGAGE,MARRIED,MASTER,FEMALE,0
625.1035852,41752.36352,9577.423314,15,63,6,3,0,0.238837796,MORTGAGE,DIVORCED,MASTER,MALE,0
747.1570951,18039.51663,5000,30,43,31,1,1,0.3888029,RENT,DIVORCED,BACHELOR,FEMALE,1
714.537595,7759.540299,30854.81436,30,65,18,4,0,0.196786831,RENT,SINGLE,HIGH_SCHOOL,FEMALE,1
786.8631558,38317.82947,26518.58564,15,56,5,1,0,0.268287589,OWN,SINGLE,BACHELOR,MALE,1
553.5076539,162810.3565,9701.696857,30,58,19,3,3,0.28175608,MORTGAGE,MARRIED,MASTER,MALE,0
718.605146,4839.581714,5000,15,21,26,1,4,0.389670792,MORTGAGE,SINGLE,DOCTORATE,FEMALE,0
755.8424487,48937.31882,36526.68632,15,47,36,1,4,0.46423927,RENT,MARRIED,MASTER,MALE,0
474.1260514,46159.33501,5000,30,47,6,2,2,0.246243419,RENT,MARRIED,DOCTORATE,FEMALE,0
531.6741487,75370.33489,24327.64161,30,39,4,3,2,0.283900992,RENT,DIVORCED,DOCTORATE,FEMALE,1
446.0767822,100786.8606,50000,15,28,10,1,4,0.232284201,RENT,MARRIED,HIGH_SCHOOL,FEMALE,0
623.0593166,103023.6744,11513.01983,15,19,14,3,1,0.278969834,OWN,DIVORCED,MASTER,FEMALE,0
721.7542256,30846.12807,5356.893621,30,61,2,2,3,0.262665739,OWN,MARRIED,BACHELOR,FEMALE,0
800.2357052,51643.91431,24406.85528,30,29,4,2,3,0.35492032,OWN,MARRIED,HIGH_SCHOOL,MALE,1
657.409478,74128.99752,33979.39202,30,47,22,2,1,0.135803588,OWN,SINGLE,DOCTORATE,FEMALE,0
812.8615546,47565.44369,15812.12726,30,53,36,0,1,0.16261433,RENT,SINGLE,MASTER,FEMALE,0
511.9898542,140367.2788,50000,15,35,8,5,4,0.436236637,OWN,DIVORCED,BACHELOR,FEMALE,0
479.6617561,84548.74758,5000,30,43,14,2,2,0.328858033,OWN,SINGLE,HIGH_SCHOOL,FEMALE,0
644.4452301,96743.8893,14055.69338,15,24,2,2,1,0.193632628,OWN,MARRIED,BACHELOR,FEMALE,0
688.4065449,93144.06343,25349.18495,15,18,28,0,2,0.584036455,RENT,DIVORCED,MASTER,FEMALE,0
646.7305252,118673.6929,39703.06985,30,43,5,4,0,0.035345615,MORTGAGE,DIVORCED,BACHELOR,MALE,1
443.25579,69051.07794,5000,15,40,16,1,3,0.256816035,RENT,DIVORCED,HIGH_SCHOOL,MALE,0
641.087996,4841.597398,32189.10643,30,43,25,1,4,0.242844044,MORTGAGE,MARRIED,BACHELOR,FEMALE,0
519.5530499,79984.39759,16090.83175,15,62,20,5,3,0.450601676,MORTGAGE,SINGLE,MASTER,FEMALE,1
716.9672549,27432.15531,10101.96387,30,23,7,0,4,0.201202553,OWN,DIVORCED,HIGH_SCHOOL,FEMALE,1
686.6598246,33569.16591,5000,15,23,20,2,0,0.24203679,OWN,MARRIED,DOCTORATE,MALE,0
556.0120214,89318.20094,40093.47421,15,61,10,1,3,0.277706725,OWN,SINGLE,HIGH_SCHOOL,FEMALE,0
598.6133083,121914.1536,5000,30,25,37,3,0,0.114592275,RENT,SINGLE,MASTER,FEMALE,0
544.0786478,61063.57884,7415.125564,30,41,7,2,4,0.295807651,RENT,DIVORCED,BACHELOR,FEMALE,0
643.7320903,75441.65063,6851.088811,15,39,23,5,1,0.271411995,OWN,MARRIED,DOCTORATE,FEMALE,1
745.5142321,145110.7472,41023.15207,15,36,34,3,3,0.481690596,RENT,SINGLE,DOCTORATE,FEMALE,1
551.4273954,72037.65897,22337.74491,30,54,13,2,0,0.685045307,RENT,MARRIED,BACHELOR,FEMALE,0
700.4046516,190084.1557,31859.62117,15,35,13,2,3,0.477041259,MORTGAGE,SINGLE,MASTER,MALE,0
596.9742382,88275.48228,5766.122644,30,48,9,1,3,0.226199958,RENT,DIVORCED,HIGH_SCHOOL,FEMALE,0
570.7127168,28038.13796,19609.8715,15,54,11,0,3,0.108158753,MORTGAGE,DIVORCED,MASTER,FEMALE,0
639.296964,97667.08106,16960.77524,30,47,37,1,2,0.162655568,OWN,SINGLE,DOCTORATE,FEMALE,0
546.4757678,79057.91924,35774.92548,15,59,33,3,0,0.176448925,RENT,MARRIED,HIGH_SCHOOL,FEMALE,0
594.6350695,124487.6377,47307.74202,30,50,9,1,0,0.104903393,MORTGAGE,SINGLE,HIGH_SCHOOL,FEMALE,0
530.2122107,93659.06756,5000,30,27,16,1,3,0.452980331,RENT,MARRIED,BACHELOR,FEMALE,0
846.4725133,53077.2008,22418.38002,15,54,16,0,1,0.395166607,MORTGAGE,SINGLE,MASTER,FEMALE,0
653.5263552,1214.911814,5000,30,29,2,2,3,0.250295834,MORTGAGE,DIVORCED,HIGH_SCHOOL,FEMALE,0
580.0274492,49548.83714,15919.49215,15,47,30,3,2,0.236361949,RENT,MARRIED,BACHELOR,FEMALE,0
671.3979911,17473.97729,6783.233411,30,44,0,4,4,0.360978057,OWN,DIVORCED,MASTER,MALE,1
638.767195,30973.82751,7328.059291,30,56,11,2,2,0.30034159,MORTGAGE,MARRIED,DOCTORATE,MALE,0
627.90304,89428.92022,8706.896994,30,26,38,3,1,0.213992506,OWN,SINGLE,DOCTORATE,MALE,0
711.41667,143495.2252,19419.8201,15,38,3,3,3,0.218867648,RENT,DIVORCED,MASTER,FEMALE,0
725.750771,79733.57649,8130.812696,30,29,12,2,0,0.442615393,RENT,DIVORCED,HIGH_SCHOOL,MALE,0
596.9498852,205.8468982,26387.60208,15,46,33,3,3,0.15350103,OWN,MARRIED,HIGH_SCHOOL,MALE,0
592.4181759,82230.13341,10367.99758,30,50,20,0,1,0.443365421,RENT,MARRIED,DOCTORATE,MALE,0
622.4948303,119831.5743,5000,15,60,21,2,0,0.325335072,MORTGAGE,MARRIED,DOCTORATE,MALE,0
419.8078835,29510.85478,30627.31297,15,32,3,2,2,0.565655941,OWN,DIVORCED,HIGH_SCHOOL,FEMALE,0
498.4808938,53299.14167,6730.677859,15,19,17,4,4,0.220239729,RENT,SINGLE,MASTER,MALE,0
786.6874267,60734.40974,11339.69825,30,69,4,2,4,0.104456626,RENT,MARRIED,DOCTORATE,MALE,0
814.4967714,20755.08435,23131.85574,15,56,18,2,3,0.314981285,OWN,SINGLE,HIGH_SCHOOL,FEMALE,1
625.096396,92414.02169,8083.004174,30,61,1,2,2,0.135573126,MORTGAGE,MARRIED,MASTER,MALE,0
707.6556963,53952.59257,5000,15,35,11,2,1,0.130555751,OWN,SINGLE,BACHELOR,FEMALE,0
681.1250155,80976.6222,9365.575857,15,20,16,1,4,0.544753722,RENT,MARRIED,MASTER,MALE,0
850,15625.39111,50000,15,24,9,2,2,0.458297035,RENT,SINGLE,HIGH_SCHOOL,MALE,0
761.9574911,38127.08498,20529.61321,15,60,33,3,3,0.251373322,OWN,DIVORCED,MASTER,MALE,0
637.2082409,96119.06789,22263.09937,30,35,5,1,0,0.289665149,MORTGAGE,MARRIED,HIGH_SCHOOL,FEMALE,0
554.4459559,41358.3424,20008.78713,15,61,7,3,3,0.279209964,MORTGAGE,MARRIED,DOCTORATE,MALE,1
489.355368,146348.1926,5000,15,55,10,3,3,0.362797255,MORTGAGE,DIVORCED,BACHELOR,MALE,0
670.3463636,40018.19072,10837.17291,30,54,11,1,2,0.215615933,OWN,MARRIED,DOCTORATE,FEMALE,0
574.3649255,71234.23629,27801.21276,15,50,8,1,4,0.013998007,MORTGAGE,MARRIED,DOCTORATE,MALE,0
507.774629,106629.5416,5000,15,61,1,4,2,0.08292415,MORTGAGE,DIVORCED,HIGH_SCHOOL,MALE,0
585.3427116,10918.28665,6510.524993,15,48,7,2,0,0.174813058,MORTGAGE,DIVORCED,HIGH_SCHOOL,MALE,0
541.8451996,28040.4406,6468.094826,15,28,10,1,2,0.214387408,MORTGAGE,SINGLE,HIGH_SCHOOL,MALE,1
818.7141635,16282.81573,11313.34368,30,21,35,1,1,0.382966578,RENT,DIVORCED,HIGH_SCHOOL,MALE,0
738.1639757,123129.2052,50000,30,35,9,0,3,0.482518847,OWN,DIVORCED,DOCTORATE,FEMALE,1
649.2027359,32407.09271,5000,15,21,20,2,4,0.172124755,OWN,MARRIED,HIGH_SCHOOL,FEMALE,0
797.9944139,187909.9643,14625.33137,30,66,19,3,0,0.268914608,MORTGAGE,DIVORCED,HIGH_SCHOOL,FEMALE,1
657.7368308,31787.62007,5000,30,51,7,2,3,0.379337008,OWN,MARRIED,DOCTORATE,MALE,1
563.8715799,69227.56516,50000,15,46,35,1,2,0.171922419,OWN,DIVORCED,BACHELOR,MALE,1
802.3124077,137105.4976,5000,30,41,28,1,1,0.463790777,RENT,DIVORCED,BACHELOR,MALE,1
703.8910044,160304.6444,10336.90754,15,39,11,4,2,0.076728854,OWN,SINGLE,MASTER,MALE,0
546.2753846,163075.1788,26779.43765,30,19,13,1,3,0.24571857,RENT,DIVORCED,DOCTORATE,MALE,0
630.9661322,120418.3115,24385.41297,30,61,20,1,0,0.24469616,OWN,DIVORCED,HIGH_SCHOOL,FEMALE,0
562.4381747,111203.1263,10988.85646,30,23,21,3,4,0.37272942,RENT,MARRIED,MASTER,FEMALE,0
511.7200269,89626.34746,8508.994579,15,59,20,1,3,0.111658267,RENT,MARRIED,BACHELOR,FEMALE,1
742.6177548,98918.05381,10137.08303,30,42,29,1,0,0.465769905,OWN,SINGLE,BACHELOR,MALE,0
840.941664,32440.71418,6138.011765,15,38,38,3,3,0.402868891,RENT,DIVORCED,DOCTORATE,FEMALE,0
510.1432426,19090.05583,5000,15,33,19,2,1,0.251148303,RENT,MARRIED,HIGH_SCHOOL,FEMALE,0
706.2969237,59831.27713,13195.78384,30,48,23,2,2,0.217858463,OWN,DIVORCED,HIGH_SCHOOL,FEMALE,1
584.9357431,51490.76887,6254.084119,15,31,22,2,4,0.362021189,RENT,SINGLE,MASTER,FEMALE,1
601.2874616,37338.59753,6778.431293,30,56,6,2,0,0.409105853,RENT,MARRIED,BACHELOR,MALE,0
590.7606076,94819.37237,21386.27799,15,45,8,3,4,0.430126632,RENT,MARRIED,MASTER,MALE,0
563.600923,107765.2604,50000,15,49,0,3,4,0.170458477,RENT,SINGLE,MASTER,FEMALE,0
654.8521628,64420.34431,18508.50654,30,45,25,5,4,0.148618092,RENT,DIVORCED,MASTER,FEMALE,0
566.9049884,133876.5041,5000,30,68,37,1,0,0.147714722,MORTGAGE,MARRIED,HIGH_SCHOOL,FEMALE,0
677.0456826,2915.544293,5000,30,66,37,3,0,0.445681555,RENT,MARRIED,BACHELOR,FEMALE,0
644.9761891,50317.02704,50000,30,26,21,1,4,0.250988215,RENT,SINGLE,MASTER,FEMALE,0
626.1051953,24158.88397,7056.242294,15,62,9,0,2,0.12367697,RENT,SINGLE,BACHELOR,FEMALE,0
559.2436338,33326.83085,5000,15,39,5,2,3,0.383828877,RENT,SINGLE,BACHELOR,FEMALE,0
592.3228669,55865.96571,18278.10096,15,49,16,3,4,0.397271003,OWN,DIVORCED,MASTER,FEMALE,1
725.5391226,53912.62458,19544.64943,30,22,37,1,1,0.218913891,MORTGAGE,DIVORCED,MASTER,FEMALE,1
700.0917188,135672.4872,20911.18562,15,40,23,4,4,0.094875967,OWN,DIVORCED,DOCTORATE,MALE,0
552.2444755,91540.58423,6223.163933,30,22,9,1,0,0.736929008,MORTGAGE,SINGLE,HIGH_SCHOOL,FEMALE,1
659.9332305,8790.658784,5000,15,59,7,0,3,0.235898848,RENT,MARRIED,BACHELOR,MALE,0
725.1387123,152704.6283,50000,30,49,20,2,1,0.358539137,RENT,DIVORCED,MASTER,MALE,0
483.0594719,121051.6848,5777.47019,15,27,5,0,3,0.225833432,MORTGAGE,SINGLE,MASTER,FEMALE,0
704.3360192,89104.88517,22541.85805,15,56,20,4,3,0.152269846,MORTGAGE,DIVORCED,BACHELOR,FEMALE,1
583.7376241,48675.79506,24526.40449,30,32,38,1,1,0.328460532,OWN,MARRIED,MASTER,MALE,0
707.0598669,12028.03816,18832.55116,15,24,23,2,4,0.119477586,MORTGAGE,MARRIED,DOCTORATE,MALE,0
573.6740843,41389.6612,7505.72397,30,46,32,1,4,0.372688003,RENT,SINGLE,BACHELOR,FEMALE,0
469.5117899,114437.431,6324.271821,15,64,17,1,4,0.585683847,OWN,MARRIED,MASTER,MALE,1
487.2457562,154229.3153,18209.56726,15,20,27,1,2,0.203065931,MORTGAGE,SINGLE,BACHELOR,FEMALE,1
654.8084947,137162.1764,40212.58835,30,36,31,2,4,0.187307931,MORTGAGE,SINGLE,MASTER,FEMALE,0
675.9722502,35557.52891,50000,30,27,11,1,1,0.133614754,OWN,SINGLE,MASTER,MALE,1
559.5683375,4019.128336,5000,15,45,26,2,2,0.193124842,MORTGAGE,SINGLE,HIGH_SCHOOL,FEMALE,0
713.8592459,67044.31235,5000,15,46,9,3,4,0.219872059,RENT,MARRIED,BACHELOR,MALE,1
483.8479938,28421.96828,50000,15,32,31,4,2,0.45939991,OWN,MARRIED,HIGH_SCHOOL,FEMALE,1
643.3920201,76158.38571,26676.71228,15,52,25,2,1,0.33203123,MORTGAGE,MARRIED,MASTER,FEMALE,0
528.89838,52619.87069,42910.57133,15,23,24,2,4,0.43539737,RENT,MARRIED,BACHELOR,MALE,1
584.8163892,36698.17491,5000,15,29,10,3,0,0.196052503,MORTGAGE,SINGLE,BACHELOR,MALE,0
654.7398671,19735.15336,17714.54535,30,64,22,3,1,0.313981155,OWN,SINGLE,DOCTORATE,FEMALE,1
563.9586635,85680.00533,24155.57371,30,55,33,2,3,0.298722916,MORTGAGE,MARRIED,DOCTORATE,FEMALE,1
611.5444456,33364.95802,22795.67973,30,30,39,3,3,0.03836525,MORTGAGE,DIVORCED,MASTER,MALE,0
750.6292809,1504.158214,10490.09823,15,46,22,1,1,0.043945971,MORTGAGE,DIVORCED,MASTER,FEMALE,0
592.310813,83613.11066,5000,15,36,28,4,3,0.049594845,RENT,DIVORCED,MASTER,MALE,0
733.5692112,58624.25475,17489.83502,15,20,30,0,1,0.239563651,RENT,MARRIED,MASTER,MALE,1
537.0293145,148612.5798,5836.520648,30,25,6,5,0,0.406245979,MORTGAGE,SINGLE,DOCTORATE,MALE,1
702.9804178,143062.9607,11965.98747,30,25,39,2,1,0.145020416,MORTGAGE,SINGLE,BACHELOR,FEMALE,0
794.1568621,37145.18717,50000,15,37,32,1,4,0.091081762,OWN,DIVORCED,HIGH_SCHOOL,MALE,0
402.83555,29889.39698,10184.38222,15,64,20,1,4,0.177268579,MORTGAGE,DIVORCED,BACHELOR,FEMALE,0
570.3104745,83438.7128,36626.84547,30,21,1,1,2,0.25682828,OWN,SINGLE,BACHELOR,MALE,0
707.7072127,10080.72804,5000,30,68,17,2,3,0.135230637,RENT,DIVORCED,DOCTORATE,FEMALE,0
629.6954614,75089.59499,22322.93229,30,38,32,1,3,0.104322705,MORTGAGE,DIVORCED,BACHELOR,FEMALE,0
687.1145873,98304.01392,50000,15,20,36,4,1,0.09870752,OWN,SINGLE,BACHELOR,MALE,0
589.6014813,121346.6612,5000,15,62,33,3,3,0.679900919,RENT,DIVORCED,MASTER,MALE,0
658.6589787,54992.29618,5000,15,25,19,0,4,0.08161595,OWN,DIVORCED,HIGH_SCHOOL,MALE,0
634.4322765,49816.31249,11368.48714,30,40,34,2,0,0.346151318,RENT,MARRIED,BACHELOR,FEMALE,1
766.7782062,16100.87066,5000,30,33,17,0,1,0.669742415,MORTGAGE,DIVORCED,BACHELOR,FEMALE,0
675.4420843,18655.9823,27597.05106,15,30,23,0,3,0.447071692,OWN,MARRIED,HIGH_SCHOOL,FEMALE,0
683.7602662,48676.0554,49196.16466,15,20,7,2,4,0.104032153,MORTGAGE,SINGLE,MASTER,MALE,0
608.8123034,78368.27534,11383.96511,30,65,29,3,2,0.5785044,OWN,MARRIED,DOCTORATE,MALE,0
601.2393776,105679.2313,5987.31165,15,26,9,2,3,0.085452572,RENT,SINGLE,DOCTORATE,MALE,0
606.7441812,19841.05247,11397.48065,30,31,22,2,0,0.174132074,OWN,MARRIED,BACHELOR,MALE,0
689.4452142,134634.4284,25707.11504,30,30,10,1,0,0.21998948,OWN,MARRIED,MASTER,MALE,0
607.9015519,46443.81995,5000,15,24,1,0,3,0.111563422,MORTGAGE,MARRIED,DOCTORATE,FEMALE,1
678.9774857,58931.63528,17805.34545,30,32,25,2,3,0.290897892,MORTGAGE,DIVORCED,DOCTORATE,MALE,0
850,22639.41604,19001.69156,15,24,35,3,4,0.147600084,MORTGAGE,DIVORCED,DOCTORATE,FEMALE,0
737.1124703,61212.01301,20305.00483,30,55,32,3,3,0.667142438,RENT,DIVORCED,DOCTORATE,MALE,0
617.3976468,104202.2698,5542.020461,30,51,12,3,2,0.208061787,MORTGAGE,DIVORCED,DOCTORATE,MALE,0
770.1213922,96842.19485,25038.95665,15,58,39,3,4,0.402974047,OWN,DIVORCED,BACHELOR,MALE,1
609.1924627,45933.62214,5000,30,39,24,0,1,0.577879087,RENT,MARRIED,DOCTORATE,MALE,1
446.1875465,63349.53586,5000,15,41,3,1,2,0.350962552,MORTGAGE,DIVORCED,BACHELOR,MALE,0
549.1913689,85796.96089,41987.99524,15,66,18,2,4,0.658643573,OWN,SINGLE,HIGH_SCHOOL,FEMALE,0
462.9208079,18127.29284,26843.49417,30,54,17,1,4,0.437163605,OWN,MARRIED,HIGH_SCHOOL,MALE,1
614.8486516,33547.36613,5000,15,61,36,4,0,0.319197811,RENT,MARRIED,MASTER,FEMALE,0
651.8418379,99713.23398,5710.38853,15,18,29,0,4,0.230576355,OWN,SINGLE,BACHELOR,FEMALE,0
817.6437312,2714.471158,5000,15,27,18,1,2,0.069514252,MORTGAGE,DIVORCED,MASTER,FEMALE,0
682.6927374,74677.89661,6316.318285,15,60,22,4,3,0.244436716,OWN,SINGLE,HIGH_SCHOOL,FEMALE,0
628.0899471,7829.090231,5688.674289,15,33,15,1,2,0.131257249,MORTGAGE,MARRIED,HIGH_SCHOOL,MALE,1
732.9405581,83321.49912,5000,15,63,0,2,1,0.497781325,MORTGAGE,MARRIED,HIGH_SCHOOL,MALE,0
428.8864691,58217.92589,12284.52111,30,25,11,4,4,0.130810482,RENT,MARRIED,HIGH_SCHOOL,MALE,0
673.5614558,20756.5908,26390.17793,15,66,23,2,4,0.28296131,OWN,SINGLE,DOCTORATE,MALE,0
727.0865194,118236.9677,18665.26531,30,42,33,3,4,0.393257164,RENT,DIVORCED,HIGH_SCHOOL,MALE,1
502.1413754,23270.42116,22348.05469,30,67,7,1,4,0.118152156,RENT,MARRIED,DOCTORATE,FEMALE,0
764.3754043,19487.37815,5000,15,29,17,2,0,0.292178189,RENT,DIVORCED,DOCTORATE,MALE,1
683.8496407,70028.45986,50000,30,42,4,1,0,0.183601976,MORTGAGE,MARRIED,MASTER,MALE,0
608.4712086,117431.8675,36463.99146,30,34,25,3,3,0.361069522,MORTGAGE,DIVORCED,DOCTORATE,FEMALE,1
713.2781866,9208.909051,32704.37999,15,43,29,3,4,0.087316203,MORTGAGE,SINGLE,MASTER,MALE,0
850,63083.99249,34630.28107,15,63,12,1,1,0.657572621,MORTGAGE,MARRIED,DOCTORATE,MALE,0
668.1866255,81440.82502,50000,15,65,18,3,3,0.313842726,OWN,MARRIED,DOCTORATE,FEMALE,0
674.8220586,94655.28036,15716.39136,30,31,28,3,4,0.590810428,OWN,MARRIED,HIGH_SCHOOL,MALE,1
604.06391,68822.07776,5000,30,58,2,3,0,0.448680287,MORTGAGE,SINGLE,BACHELOR,FEMALE,0
565.0155631,41648.60805,19183.10914,15,53,25,2,1,0.162201282,MORTGAGE,SINGLE,DOCTORATE,FEMALE,0
733.0335817,18620.48897,27164.36372,15,40,39,0,3,0.40967806,OWN,DIVORCED,BACHELOR,MALE,0
564.3916174,64307.19415,26781.91065,30,60,11,4,1,0.535671425,RENT,SINGLE,BACHELOR,FEMALE,0
657.1566237,6393.049401,14739.85082,30,23,1,1,4,0.470720909,RENT,MARRIED,BACHELOR,MALE,1
602.2342553,86067.52417,5000,30,64,10,2,2,0.307628561,MORTGAGE,DIVORCED,DOCTORATE,MALE,0
697.8979826,81827.99021,9276.071815,30,22,27,2,1,0.149780838,RENT,SINGLE,BACHELOR,MALE,1
683.3662105,105196.7421,50000,15,60,17,1,1,0.375623527,MORTGAGE,DIVORCED,DOCTORATE,FEMALE,0
753.7539944,58146.62178,17562.99423,30,42,12,2,0,0.358583346,MORTGAGE,DIVORCED,HIGH_SCHOOL,FEMALE,1
598.9983601,9513.464765,15458.18276,30,35,36,6,4,0.203676098,MORTGAGE,DIVORCED,DOCTORATE,FEMALE,0
623.0125065,90957.71305,6262.828972,30,30,21,0,1,0.111206224,OWN,MARRIED,MASTER,FEMALE,0
552.1236284,162874.7735,9191.529071,30,60,11,4,4,0.324652849,RENT,MARRIED,HIGH_SCHOOL,FEMALE,0
605.570674,61039.68538,45141.9292,15,31,1,2,0,0.134099678,OWN,SINGLE,BACHELOR,FEMALE,1
687.7300493,23599.85294,21960.03235,15,45,36,1,4,0.203915257,RENT,MARRIED,BACHELOR,FEMALE,0
725.6988617,50855.17794,30965.63586,30,35,6,2,0,0.38907027,OWN,DIVORCED,MASTER,FEMALE,0
557.7834676,128743.821,12115.38293,30,45,25,4,0,0.127757029,OWN,DIVORCED,HIGH_SCHOOL,FEMALE,1
736.960592,27701.79104,19898.41315,15,68,25,1,3,0.083647506,MORTGAGE,MARRIED,MASTER,FEMALE,1
785.5637859,20040.39967,5710.584064,15,44,23,2,4,0.059532128,MORTGAGE,DIVORCED,BACHELOR,FEMALE,1
691.3434903,35862.82389,24446.86561,30,49,11,2,2,0.34894006,OWN,MARRIED,DOCTORATE,MALE,0
837.6795813,12333.56959,11158.39123,30,64,15,5,3,0.36049302,RENT,DIVORCED,BACHELOR,FEMALE,0
572.6210801,66133.5158,11687.4884,15,26,22,1,0,0.212576896,RENT,SINGLE,MASTER,MALE,1
525.5345297,141233.9229,20957.75562,15,57,39,0,2,0.450077987,MORTGAGE,SINGLE,DOCTORATE,MALE,0
472.1279751,76153.96366,50000,15,49,8,2,1,0.231811752,MORTGAGE,MARRIED,DOCTORATE,MALE,0
799.6044311,47382.32489,5000,15,37,31,1,1,0.238520228,RENT,MARRIED,BACHELOR,MALE,0
715.4365656,45409.43655,34830.0633,15,45,14,0,3,0.214169028,RENT,MARRIED,DOCTORATE,FEMALE,1
644.4415329,18159.54043,6917.048963,15,50,36,1,2,0.057443307,RENT,MARRIED,HIGH_SCHOOL,MALE,0
677.9968626,104155.4889,11736.84258,30,21,12,1,4,0.17230284,MORTGAGE,MARRIED,BACHELOR,MALE,1
537.4510953,56108.14015,5000,15,63,4,2,2,0.060337734,RENT,DIVORCED,BACHELOR,MALE,0
850,50976.00432,7163.409171,15,51,10,2,3,0.184710345,MORTGAGE,SINGLE,HIGH_SCHOOL,FEMALE,1
662.9221182,219655.3784,13968.47123,15,65,9,2,4,0.401355025,OWN,DIVORCED,BACHELOR,MALE,0
660.9394795,74937.64542,5000,15,20,12,0,4,0.045830822,OWN,SINGLE,MASTER,MALE,0
722.5766624,22410.4475,13509.90707,30,43,14,3,1,0.175274526,OWN,DIVORCED,MASTER,FEMALE,0
698.1009232,38682.12019,50000,30,25,6,1,2,0.173448512,RENT,DIVORCED,BACHELOR,FEMALE,1
672.3884024,117422.2855,5000,15,23,39,1,4,0.374322,MORTGAGE,DIVORCED,HIGH_SCHOOL,FEMALE,0
570.9525545,65663.52053,28915.85423,30,33,27,3,3,0.141639484,RENT,MARRIED,DOCTORATE,FEMALE,1
697.1468357,11913.89892,10541.50722,30,41,31,1,1,0.428979741,MORTGAGE,SINGLE,HIGH_SCHOOL,FEMALE,0
838.2024496,105961.4467,21294.29018,30,65,34,0,4,0.151738065,RENT,MARRIED,MASTER,FEMALE,0
784.5420046,26592.79572,6028.497418,30,56,14,1,2,0.441391035,OWN,MARRIED,BACHELOR,FEMALE,0
809.3186627,153664.8888,5000,30,47,35,2,1,0.409680917,MORTGAGE,DIVORCED,HIGH_SCHOOL,FEMALE,0
598.8784324,114002.4033,5000,30,62,20,2,2,0.269768148,RENT,SINGLE,DOCTORATE,FEMALE,1
551.039518,37633.90522,5000,15,30,5,1,2,0.225092175,MORTGAGE,SINGLE,DOCTORATE,MALE,0
637.421308,124050.8181,5000,15,22,0,1,2,0.088866843,MORTGAGE,SINGLE,DOCTORATE,FEMALE,1
655.5724912,63392.77553,21825.94528,15,42,3,4,1,0.272374656,RENT,SINGLE,DOCTORATE,MALE,1
759.4191518,102638.6838,42689.04305,15,37,10,3,4,0.443081442,RENT,MARRIED,HIGH_SCHOOL,MALE,0
480.753537,84236.64086,33653.69125,15,35,25,0,0,0.1089684,MORTGAGE,MARRIED,DOCTORATE,FEMALE,0
802.9550319,17682.16725,23112.18223,30,64,36,1,4,0.449791292,MORTGAGE,SINGLE,MASTER,FEMALE,0
634.1992101,27822.50838,5000,15,35,22,3,1,0.48994523,OWN,MARRIED,DOCTORATE,FEMALE,1
607.311893,111498.0409,6826.93043,15,19,28,3,0,0.141025864,MORTGAGE,SINGLE,MASTER,FEMALE,0
548.7895625,43261.23339,7415.676594,30,27,20,1,0,0.268106013,OWN,MARRIED,HIGH_SCHOOL,MALE,0
484.5143328,39817.57684,5752.493386,30,62,26,2,0,0.62298702,OWN,DIVORCED,MASTER,MALE,1
732.3170584,12243.87103,14472.36115,15,67,38,3,3,0.174351065,OWN,DIVORCED,HIGH_SCHOOL,FEMALE,0
657.3317967,81179.95328,15338.19166,30,64,39,1,1,0.420851249,MORTGAGE,SINGLE,DOCTORATE,MALE,0
521.00391,163126.246,8828.664758,30,29,12,0,3,0.140362424,OWN,SINGLE,BACHELOR,FEMALE,0
520.4921228,6623.354287,8732.588976,30,64,22,2,0,0.23853588,MORTGAGE,MARRIED,MASTER,MALE,0
616.4215301,61210.97283,35269.92502,30,30,15,3,3,0.156962708,MORTGAGE,SINGLE,MASTER,MALE,0
816.9021525,130611.0278,31145.72033,15,67,29,2,3,0.227842456,RENT,SINGLE,BACHELOR,FEMALE,0
624.0408649,56017.93044,7357.486519,30,64,3,3,1,0.378794261,MORTGAGE,MARRIED,HIGH_SCHOOL,FEMALE,1
499.6857047,82618.58981,49019.02097,15,28,39,0,2,0.266789267,MORTGAGE,SINGLE,HIGH_SCHOOL,MALE,0
625.4256936,6880.323593,50000,15,36,15,2,3,0.270735896,OWN,SINGLE,DOCTORATE,FEMALE,0
622.727643,81415.35486,7912.549396,30,52,30,4,3,0.140466123,MORTGAGE,DIVORCED,MASTER,MALE,0
380.3113357,50642.78675,8752.276142,30,56,24,4,0,0.557303171,MORTGAGE,DIVORCED,HIGH_SCHOOL,FEMALE,0
644.5705133,109286.4998,14089.58912,30,43,11,2,0,0.545751029,RENT,DIVORCED,DOCTORATE,FEMALE,0
626.906547,119369.3026,50000,15,63,25,2,0,0.36535453,RENT,SINGLE,HIGH_SCHOOL,FEMALE,0
719.6206365,189478.1821,41801.06222,30,31,36,1,4,0.670862986,OWN,MARRIED,BACHELOR,FEMALE,0
834.8956095,88981.65866,5000,30,62,32,1,3,0.395207417,OWN,DIVORCED,BACHELOR,FEMALE,0
762.656503,76289.81583,9975.660005,30,61,27,0,0,0.030789867,RENT,SINGLE,BACHELOR,FEMALE,0
623.1111309,69719.21508,16120.54863,30,41,8,2,1,0.093306268,RENT,DIVORCED,DOCTORATE,FEMALE,0
539.3474091,42341.68536,13988.63666,30,58,11,0,4,0.17707673,MORTGAGE,MARRIED,MASTER,MALE,0
850,76924.19217,5000,15,18,4,1,2,0.379349163,OWN,MARRIED,BACHELOR,FEMALE,0
655.9218434,45229.92949,39153.93474,30,68,27,3,3,0.06868078,OWN,MARRIED,BACHELOR,MALE,0
651.3929292,68423.04881,22598.39276,30,60,34,0,3,0.282692018,MORTGAGE,MARRIED,HIGH_SCHOOL,FEMALE,0
647.5874913,125879.8768,36391.87033,30,39,4,2,1,0.413669545,MORTGAGE,MARRIED,BACHELOR,MALE,0
669.8084761,9672.871736,39146.50014,15,40,33,1,2,0.192910105,OWN,MARRIED,MASTER,FEMALE,0
635.5639588,116993.9281,27594.78614,30,36,33,2,2,0.297174459,RENT,SINGLE,DOCTORATE,FEMALE,1
592.6337993,125855.7534,11568.19694,15,35,12,0,4,0.342835021,RENT,DIVORCED,BACHELOR,MALE,0
595.3141059,54096.57365,18860.22919,15,29,38,2,3,0.36271221,MORTGAGE,MARRIED,DOCTORATE,FEMALE,0
646.724673,46092.74495,5000,30,45,13,1,0,0.219099056,OWN,DIVORCED,DOCTORATE,FEMALE,0
595.6575229,29608.90065,22395.41624,30,45,10,3,1,0.445103631,MORTGAGE,DIVORCED,MASTER,FEMALE,1
578.7154217,124849.7273,5000,30,50,37,3,1,0.195793398,RENT,SINGLE,HIGH_SCHOOL,FEMALE,0
660.6430228,58856.59689,23680.10907,15,36,3,2,1,0.281633016,RENT,MARRIED,HIGH_SCHOOL,FEMALE,1
624.5022783,10034.88839,5216.860622,15,45,32,2,1,0.256793372,MORTGAGE,MARRIED,DOCTORATE,MALE,1
800.3992989,34761.25394,5000,15,69,6,2,0,0.231613398,RENT,SINGLE,BACHELOR,FEMALE,0
384.9030192,102031.0013,5000,15,66,7,0,0,0.307013527,OWN,SINGLE,DOCTORATE,MALE,0
759.1506852,87336.67841,5000,15,54,36,2,4,0.508565367,MORTGAGE,SINGLE,HIGH_SCHOOL,MALE,0
774.6085192,48053.39504,25369.48824,15,43,9,2,3,0.060334131,MORTGAGE,SINGLE,BACHELOR,MALE,0
442.6609768,41658.77941,26365.31742,30,52,14,1,0,0.237901232,MORTGAGE,SINGLE,HIGH_SCHOOL,MALE,0
615.7312406,40412.09255,14469.37949,30,51,37,3,4,0.096926713,RENT,DIVORCED,MASTER,MALE,1
612.8559134,13879.49078,5000,15,52,14,1,2,0.060319938,OWN,SINGLE,HIGH_SCHOOL,MALE,0
509.2488305,140768.7845,5000,30,57,4,1,3,0.158313718,MORTGAGE,MARRIED,BACHELOR,MALE,0
572.2183312,43883.97654,5000,30,33,28,2,0,0.545736865,MORTGAGE,MARRIED,BACHELOR,MALE,1
538.9424155,120857.926,5000,15,55,18,1,2,0.321013995,RENT,SINGLE,DOCTORATE,FEMALE,0
825.2270443,136065.8026,44301.65814,15,30,9,1,4,0.206727648,OWN,SINGLE,BACHELOR,MALE,1
743.5678393,109915.5449,5529.221063,30,40,11,0,0,0.168812901,MORTGAGE,SINGLE,MASTER,FEMALE,0
777.1555095,38418.98436,8747.517492,15,39,3,3,0,0.344838941,RENT,SINGLE,HIGH_SCHOOL,MALE,0
722.1672064,80186.50452,5000,15,33,30,2,2,0.259421455,MORTGAGE,SINGLE,DOCTORATE,MALE,0
537.0948229,58790.21968,5029.865293,30,45,17,2,0,0.217527869,RENT,MARRIED,DOCTORATE,FEMALE,1
597.5479734,14814.90696,14647.10002,15,65,15,4,1,0.084636758,OWN,DIVORCED,BACHELOR,MALE,0
698.9374561,76217.96409,18717.25455,30,52,39,1,0,0.136957347,RENT,SINGLE,MASTER,FEMALE,1
527.7872191,1048.010442,5630.085598,30,62,35,3,3,0.508866636,MORTGAGE,SINGLE,DOCTORATE,MALE,0
721.299843,119383.9694,5000,30,63,24,2,2,0.303149585,MORTGAGE,SINGLE,MASTER,FEMALE,1
625.9674602,36769.13514,9919.8197,30,25,22,2,3,0.134579783,RENT,MARRIED,MASTER,FEMALE,1
612.5179192,70057.98279,5336.772836,30,61,11,1,4,0.331631333,OWN,MARRIED,HIGH_SCHOOL,MALE,1
721.0959968,74164.39358,5000,15,39,33,3,3,0.437149246,OWN,DIVORCED,HIGH_SCHOOL,MALE,0
694.4263311,47054.75131,50000,15,38,35,1,1,0.170725354,MORTGAGE,DIVORCED,HIGH_SCHOOL,MALE,0
613.9033834,89334.69007,19157.91096,15,43,36,2,1,0.233040019,MORTGAGE,DIVORCED,MASTER,MALE,0
765.9329803,36254.81717,16278.22304,15,57,2,1,3,0.247987832,RENT,DIVORCED,HIGH_SCHOOL,FEMALE,0
541.8936672,103564.8649,10749.38547,30,38,8,3,4,0.126693234,RENT,MARRIED,DOCTORATE,FEMALE,0
711.5935607,7298.984012,11205.37169,30,42,17,3,0,0.307768588,RENT,DIVORCED,DOCTORATE,FEMALE,1
709.3101258,66318.97898,15569.96254,15,58,34,1,1,0.134015443,OWN,SINGLE,BACHELOR,FEMALE,0
619.0453561,156946.45,23842.84834,30,18,33,2,3,0.065807195,OWN,MARRIED,MASTER,FEMALE,1
682.6133022,9983.43377,24223.04337,15,23,13,0,3,0.130797325,MORTGAGE,MARRIED,HIGH_SCHOOL,FEMALE,0
524.8886424,26112.75147,5000,15,40,3,2,3,0.296745696,MORTGAGE,MARRIED,DOCTORATE,FEMALE,0
742.4027019,85695.39248,13867.4542,15,68,28,2,0,0.135141334,MORTGAGE,SINGLE,MASTER,MALE,0
631.5097864,68979.0891,10619.14133,30,40,14,0,2,0.239406428,RENT,MARRIED,MASTER,MALE,1
597.7276979,77531.50496,40885.65307,30,60,27,3,4,0.264711633,OWN,SINGLE,HIGH_SCHOOL,MALE,0
754.9009226,84459.35651,19961.89135,30,60,15,4,2,0.087707456,MORTGAGE,DIVORCED,MASTER,MALE,1
579.5656309,91736.07343,15207.29257,30,40,11,0,4,0.690135953,MORTGAGE,MARRIED,HIGH_SCHOOL,MALE,0
509.1538704,115484.9921,5000,15,49,4,3,4,0.203277609,MORTGAGE,SINGLE,HIGH_SCHOOL,MALE,1
494.3370826,80490.93285,18609.71458,30,47,33,1,3,0.42076461,MORTGAGE,MARRIED,HIGH_SCHOOL,MALE,0
710.6009951,47937.11727,5000,30,30,0,2,1,0.238331131,MORTGAGE,DIVORCED,MASTER,MALE,0
521.9570648,93628.68506,8225.838287,30,60,38,3,3,0.415893411,MORTGAGE,MARRIED,MASTER,FEMALE,0
825.4794182,154994.0967,5000,15,35,31,2,0,0.376828754,OWN,DIVORCED,HIGH_SCHOOL,MALE,1
441.8070592,53368.31268,23557.89277,15,40,25,0,4,0.264603012,MORTGAGE,MARRIED,MASTER,MALE,0
819.6456368,11273.53477,5000,30,32,16,0,1,0.068945835,OWN,SINGLE,HIGH_SCHOOL,MALE,1
671.1017467,115354.0335,9946.982593,30,50,26,1,4,0.548596646,RENT,DIVORCED,BACHELOR,FEMALE,0
640.3286888,53980.9418,45204.84242,30,38,23,4,4,0.129805621,OWN,MARRIED,MASTER,MALE,1
595.5080913,48633.4773,5000,30,56,34,1,3,0.089312673,RENT,DIVORCED,MASTER,FEMALE,0
689.9136114,102371.0839,14177.60859,15,40,38,0,1,0.393865357,OWN,DIVORCED,BACHELOR,FEMALE,0
646.2365298,33233.5907,10869.44413,30,44,25,2,1,0.300946577,OWN,SINGLE,BACHELOR,MALE,0
760.3301882,55473.33588,5000,30,62,37,0,4,0.24098902,MORTGAGE,SINGLE,BACHELOR,FEMALE,1
661.4227649,76599.01653,31477.37269,30,61,22,3,1,0.169332468,OWN,SINGLE,HIGH_SCHOOL,MALE,1
665.0301761,69524.98399,5000,15,35,21,3,1,0.502682362,OWN,SINGLE,HIGH_SCHOOL,MALE,0
613.6387788,95472.59086,12858.78029,15,41,3,2,3,0.104485767,MORTGAGE,DIVORCED,DOCTORATE,MALE,1
644.3054376,38225.68147,16450.46642,30,68,8,4,2,0.27533675,RENT,DIVORCED,BACHELOR,FEMALE,0
680.7801769,85655.28991,19800.16942,30,64,3,0,0,0.089678203,MORTGAGE,MARRIED,DOCTORATE,MALE,1
478.9831607,47022.66612,23335.57192,30,57,6,4,2,0.381646413,MORTGAGE,MARRIED,HIGH_SCHOOL,MALE,0
515.1814578,96940.52404,5841.095938,30,68,22,1,1,0.664360012,MORTGAGE,MARRIED,MASTER,MALE,0
724.3264094,90768.3742,5000,30,59,1,2,4,0.346194636,RENT,SINGLE,BACHELOR,FEMALE,0
667.0865438,13228.0649,25706.81452,15,24,23,1,0,0.138080298,OWN,DIVORCED,MASTER,FEMALE,0
631.6016664,114299.1058,15342.61826,15,67,39,1,0,0.418477792,OWN,DIVORCED,HIGH_SCHOOL,FEMALE,0
651.8433933,33201.82774,36172.13623,15,65,30,4,4,0.183919011,MORTGAGE,MARRIED,BACHELOR,FEMALE,1
684.7581705,100402.8899,34450.82911,30,37,30,0,0,0.161000358,MORTGAGE,MARRIED,DOCTORATE,MALE,0
596.024032,78364.36567,37071.78273,15,44,39,0,4,0.236028129,OWN,DIVORCED,DOCTORATE,MALE,1
572.1695275,151909.1838,13275.44402,15,23,33,3,0,0.065167615,OWN,SINGLE,HIGH_SCHOOL,FEMALE,1
669.5845255,48826.70088,8118.155997,15,44,23,1,2,0.563715165,OWN,MARRIED,MASTER,MALE,0
552.1627222,42534.16019,31361.90852,30,26,25,2,0,0.26433182,RENT,MARRIED,HIGH_SCHOOL,FEMALE,0
690.8252756,59029.01971,12003.85412,30,62,15,1,3,0.276885813,RENT,DIVORCED,MASTER,MALE,0
479.7416396,44841.01086,5000,15,48,12,2,4,0.516450291,MORTGAGE,DIVORCED,HIGH_SCHOOL,MALE,1
752.9155637,99997.0951,38616.84754,30,38,14,3,0,0.525393231,RENT,MARRIED,DOCTORATE,FEMALE,1
697.2597482,20815.53042,42836.5333,15,43,26,3,4,0.179483115,MORTGAGE,MARRIED,MASTER,FEMALE,1
675.6029734,7315.879043,12558.79352,15,57,3,1,3,0.284463574,OWN,SINGLE,HIGH_SCHOOL,MALE,0
748.2690984,6609.853921,5000,15,65,15,1,0,0.143076614,OWN,SINGLE,BACHELOR,FEMALE,1
816.5474444,107515.3796,9814.777401,15,62,29,1,0,0.461519147,MORTGAGE,SINGLE,DOCTORATE,MALE,0
751.4370065,145530.6686,32545.69034,30,30,29,2,3,0.551553374,OWN,SINGLE,DOCTORATE,MALE,0
465.9125769,54777.53907,46409.69247,30,66,35,2,3,0.0580944,MORTGAGE,MARRIED,BACHELOR,MALE,0
522.0423033,51558.91384,5000,30,40,2,4,3,0.570061592,MORTGAGE,MARRIED,HIGH_SCHOOL,MALE,1
587.5181422,63502.60816,5000,30,37,21,4,4,0.112935882,MORTGAGE,MARRIED,MASTER,FEMALE,1
652.609105,118093.9151,41968.48406,15,54,21,4,3,0.194618841,RENT,SINGLE,DOCTORATE,MALE,0
701.765902,13632.34329,9866.425749,30,45,11,2,4,0.08577142,MORTGAGE,MARRIED,HIGH_SCHOOL,MALE,1
577.4256187,71918.44914,15607.28638,15,34,20,2,2,0.333192285,MORTGAGE,DIVORCED,BACHELOR,MALE,1
668.6766764,108759.8815,50000,30,45,3,0,0,0.116867795,MORTGAGE,SINGLE,MASTER,FEMALE,0
574.4617068,85054.7085,5000,30,58,30,2,0,0.216804507,RENT,DIVORCED,HIGH_SCHOOL,MALE,0
588.8482197,69479.08083,20900.55884,30,19,30,1,1,0.211786366,OWN,SINGLE,HIGH_SCHOOL,FEMALE,0
509.3338903,110052.3046,5000,15,42,22,2,2,0.043880184,RENT,MARRIED,DOCTORATE,FEMALE,0
557.6766754,75161.61465,9415.083928,15,67,19,2,3,0.33864603,MORTGAGE,SINGLE,DOCTORATE,FEMALE,0
514.8315394,93893.76598,32573.89738,15,58,14,1,3,0.030186642,RENT,DIVORCED,MASTER,FEMALE,0
552.4126747,27296.21584,11364.58369,15,23,22,5,2,0.199048143,OWN,SINGLE,HIGH_SCHOOL,FEMALE,1
755.3641797,31531.64484,50000,30,28,27,1,3,0.405681431,OWN,DIVORCED,BACHELOR,FEMALE,0
555.0601111,85560.12998,16376.89691,15,55,15,3,1,0.430997363,MORTGAGE,MARRIED,BACHELOR,FEMALE,0
850,128682.9273,7747.459818,15,23,36,2,4,0.201635037,OWN,DIVORCED,MASTER,MALE,0
699.3317901,53127.57427,5000,30,62,20,3,0,0.10861864,RENT,MARRIED,HIGH_SCHOOL,MALE,0
668.4836124,107643.7274,8631.681178,30,28,14,4,2,0.31171191,RENT,DIVORCED,DOCTORATE,FEMALE,1
564.164222,140613.9129,9321.292706,15,31,16,1,0,0.343663793,OWN,MARRIED,HIGH_SCHOOL,FEMALE,0
720.0309879,125745.7227,5000,30,19,36,0,4,0.387145556,MORTGAGE,DIVORCED,DOCTORATE,FEMALE,0
592.4362174,141998.2265,9227.196279,15,57,12,4,2,0.251356321,MORTGAGE,MARRIED,BACHELOR,MALE,1
662.2009815,97106.37455,12481.32433,30,20,18,3,4,0.421046263,RENT,MARRIED,MASTER,FEMALE,0
850,63771.68195,25655.82956,15,52,29,1,3,0.210892919,OWN,MARRIED,MASTER,MALE,1
640.39401,20098.29059,21384.72937,15,50,17,2,3,0.208010245,RENT,DIVORCED,MASTER,MALE,0
764.9273326,47696.87559,24672.54055,15,41,13,4,3,0.207672579,RENT,DIVORCED,DOCTORATE,FEMALE,0
579.6823575,17837.67023,5000,15,36,35,3,4,0.311709241,RENT,MARRIED,BACHELOR,MALE,1
646.501151,168547.1359,5000,15,35,35,1,4,0.242379703,MORTGAGE,SINGLE,BACHELOR,FEMALE,0
827.0800636,51205.70938,21675.51523,30,66,19,0,4,0.52167029,OWN,MARRIED,MASTER,FEMALE,0
587.3032942,66160.24034,13232.55819,15,69,18,4,0,0.496902218,OWN,SINGLE,MASTER,FEMALE,0
831.2448558,87574.2688,5000,15,41,6,1,4,0.283979194,MORTGAGE,MARRIED,DOCTORATE,MALE,0
720.7751935,62180.12232,32643.34991,15,62,3,1,3,0.056887693,RENT,DIVORCED,DOCTORATE,FEMALE,1
593.7533224,144752.552,29639.33458,15,52,33,3,1,0.558844838,RENT,SINGLE,HIGH_SCHOOL,MALE,1
713.2407739,28867.53191,15900.01762,15,18,1,3,4,0.377591605,MORTGAGE,DIVORCED,DOCTORATE,FEMALE,0
747.255445,69730.37276,5000,30,53,4,2,1,0.077601308,OWN,SINGLE,HIGH_SCHOOL,FEMALE,0
712.1809962,22876.47072,29092.75312,30,42,9,0,3,0.407843954,MORTGAGE,SINGLE,MASTER,FEMALE,1
492.977528,6001.125561,17527.63529,15,62,31,3,4,0.059444605,OWN,SINGLE,BACHELOR,FEMALE,1
577.2862824,29411.54545,30461.53284,30,66,12,1,0,0.073736132,OWN,SINGLE,DOCTORATE,FEMALE,0
625.2481364,58148.16015,27866.13722,15,60,38,1,0,0.225592804,OWN,DIVORCED,BACHELOR,MALE,1
642.5566571,38534.88877,32491.24136,30,51,4,2,1,0.800053063,RENT,SINGLE,DOCTORATE,FEMALE,0
712.0672098,25378.95101,14596.55801,30,42,9,1,0,0.135574545,RENT,MARRIED,DOCTORATE,FEMALE,0
667.7701001,10315.87318,5000,15,33,9,1,0,0.549457788,MORTGAGE,MARRIED,HIGH_SCHOOL,FEMALE,1
516.4655641,55844.72137,22243.52571,30,51,37,2,0,0.415186341,MORTGAGE,SINGLE,DOCTORATE,MALE,0
688.0197851,15236.0187,19376.63214,30,46,26,1,3,0.135563284,RENT,DIVORCED,MASTER,FEMALE,0
711.0585745,98002.79818,27115.55043,15,36,20,3,0,0.315841489,MORTGAGE,DIVORCED,BACHELOR,FEMALE,0
705.9790448,64121.98765,5000,15,40,7,1,2,0.570107736,RENT,SINGLE,DOCTORATE,FEMALE,0
758.0780726,12877.57497,5000,30,36,0,1,4,0.36241247,RENT,DIVORCED,BACHELOR,FEMALE,0
733.3922155,44539.54615,44220.09488,30,42,27,4,0,0.085944369,OWN,DIVORCED,BACHELOR,MALE,1
695.9180079,22392.17972,27724.11118,30,33,38,1,0,0.05469308,OWN,DIVORCED,BACHELOR,FEMALE,0
642.9834289,75958.72552,47769.06728,15,68,13,3,0,0.43398413,RENT,SINGLE,DOCTORATE,MALE,0
483.9039066,127022.5223,28435.55605,30,26,20,1,2,0.161245319,OWN,MARRIED,HIGH_SCHOOL,MALE,0
692.9618219,33758.62348,18184.08332,30,18,29,0,0,0.242832446,RENT,MARRIED,BACHELOR,MALE,0
670.7687687,65751.30396,21234.00421,30,59,20,3,0,0.182270654,OWN,MARRIED,BACHELOR,MALE,0
677.1578837,51993.36022,43987.5642,15,36,8,1,4,0.208049874,MORTGAGE,MARRIED,DOCTORATE,FEMALE,0
522.3251424,93567.00382,17293.2707,15,50,16,0,2,0.20317336,MORTGAGE,MARRIED,DOCTORATE,FEMALE,0
541.894346,70659.83141,20014.72576,15,51,4,3,2,0.140272919,RENT,DIVORCED,MASTER,MALE,1
755.3152853,22401.53341,5000,15,33,30,1,0,0.370391583,RENT,DIVORCED,MASTER,MALE,0
646.0444846,44047.30322,12846.08612,30,61,39,1,2,0.415554973,OWN,DIVORCED,HIGH_SCHOOL,MALE,1
718.1500697,20198.70716,25203.60602,15,57,37,4,1,0.149112196,OWN,SINGLE,HIGH_SCHOOL,FEMALE,0
652.8318376,113800.3569,6320.058939,30,35,18,2,2,0.159097195,RENT,DIVORCED,HIGH_SCHOOL,MALE,1
652.9756139,61065.58243,5000,30,51,35,3,2,0.481579146,MORTGAGE,MARRIED,HIGH_SCHOOL,MALE,0
743.8283806,155059.5343,7532.50434,30,42,32,2,2,0.139783582,MORTGAGE,DIVORCED,BACHELOR,MALE,1
598.3955272,56966.95931,5528.266163,30,62,12,1,3,0.356264208,RENT,MARRIED,DOCTORATE,MALE,0
659.6120777,24579.66165,5000,15,23,13,0,3,0.51837047,MORTGAGE,DIVORCED,MASTER,MALE,1
603.7724711,15685.71963,11062.51736,15,38,32,2,3,0.107166082,RENT,MARRIED,BACHELOR,FEMALE,0
606.5503773,30156.98381,47684.25914,15,23,28,0,2,0.163331846,OWN,DIVORCED,DOCTORATE,MALE,1
619.0827877,19206.79715,14147.34199,15,49,35,3,1,0.174837547,MORTGAGE,MARRIED,DOCTORATE,FEMALE,1
672.2133772,73356.33255,5000,15,58,9,1,2,0.219548981,MORTGAGE,MARRIED,BACHELOR,FEMALE,1
602.1251378,85436.25116,5000,30,65,30,0,0,0.287150785,OWN,SINGLE,BACHELOR,FEMALE,0
775.5756126,19059.5351,23824.8269,15,60,5,1,1,0.176765569,OWN,DIVORCED,MASTER,FEMALE,0
560.5392698,104751.9157,9651.203132,15,56,0,1,3,0.33518647,MORTGAGE,MARRIED,HIGH_SCHOOL,FEMALE,1
631.3128356,35846.94742,34500.44882,15,48,6,4,4,0.377786247,MORTGAGE,DIVORCED,HIGH_SCHOOL,MALE,0
606.0268942,67339.6506,21547.4356,15,59,26,3,1,0.77626203,RENT,MARRIED,MASTER,FEMALE,0
794.6977884,140611.0314,31816.39134,30,27,20,3,3,0.485348639,RENT,SINGLE,MASTER,FEMALE,0
669.6554777,104841.9658,6347.602237,30,47,27,1,1,0.359800303,MORTGAGE,SINGLE,HIGH_SCHOOL,MALE,0
753.1844539,46573.4676,23576.43016,30,69,15,2,1,0.255745785,RENT,SINGLE,BACHELOR,FEMALE,0
501.4439627,15440.38873,6132.187643,30,35,22,3,2,0.221578366,OWN,SINGLE,HIGH_SCHOOL,MALE,0
676.7050266,47590.77007,50000,30,41,19,3,0,0.461095188,RENT,MARRIED,DOCTORATE,MALE,0
738.9630796,24042.33404,20232.60373,15,69,37,4,4,0.206337727,RENT,DIVORCED,DOCTORATE,MALE,0
658.2283989,49443.48806,7846.391811,30,26,24,0,3,0.210039097,MORTGAGE,SINGLE,MASTER,MALE,0
756.5480375,10641.02364,6280.84573,30,48,27,0,1,0.140540961,RENT,SINGLE,HIGH_SCHOOL,MALE,1
598.271155,53437.15165,5000,30,32,4,3,4,0.220998186,MORTGAGE,SINGLE,HIGH_SCHOOL,FEMALE,0
790.934744,63842.59415,23725.34022,15,21,20,2,1,0.119740154,MORTGAGE,DIVORCED,DOCTORATE,MALE,0
850,48757.20091,5000,15,57,17,1,0,0.262860588,MORTGAGE,MARRIED,HIGH_SCHOOL,MALE,0
613.716144,27499.87096,18092.34594,30,26,5,1,4,0.211310094,OWN,MARRIED,MASTER,FEMALE,1
605.4497479,68432.7336,6147.76682,15,62,28,1,3,0.279083773,RENT,MARRIED,MASTER,FEMALE,0
795.3384477,82097.03248,21692.35017,15,26,18,3,1,0.257614439,RENT,MARRIED,DOCTORATE,FEMALE,0
807.9572146,5480.046128,33741.47431,30,43,32,1,0,0.380635444,RENT,DIVORCED,HIGH_SCHOOL,FEMALE,0
597.7139973,130546.619,30103.83223,15,21,0,0,4,0.274112789,MORTGAGE,DIVORCED,HIGH_SCHOOL,MALE,0
607.9813183,55070.59339,28613.39748,15,34,2,1,1,0.336262739,OWN,DIVORCED,DOCTORATE,FEMALE,0
621.8215391,60942.48115,5000,15,33,20,5,1,0.337735515,MORTGAGE,SINGLE,BACHELOR,MALE,1
515.5549489,95410.72116,5000,30,32,34,1,3,0.307783507,RENT,DIVORCED,BACHELOR,FEMALE,0
558.1348054,71660.80656,24009.50047,30,52,39,0,0,0.323484444,MORTGAGE,MARRIED,HIGH_SCHOOL,FEMALE,0
549.5859233,107656.8317,9188.308494,30,69,2,3,2,0.224646068,MORTGAGE,DIVORCED,MASTER,FEMALE,0
573.2202435,74356.20826,11324.87199,15,22,24,2,1,0.54674857,RENT,SINGLE,BACHELOR,FEMALE,1
646.5315113,29378.13127,5000,30,22,37,1,4,0.314283113,MORTGAGE,MARRIED,HIGH_SCHOOL,FEMALE,0
673.4214733,78075.17626,6010.657814,15,37,19,1,3,0.064829434,MORTGAGE,DIVORCED,BACHELOR,MALE,0
805.0500493,2813.689634,5000,15,32,33,4,3,0.130524362,OWN,MARRIED,DOCTORATE,MALE,0
550.1645959,65427.98529,42270.02448,15,35,20,1,1,0.312174215,MORTGAGE,MARRIED,BACHELOR,MALE,0
748.4322398,58338.50047,5578.32366,30,64,22,2,1,0.233307137,OWN,DIVORCED,BACHELOR,FEMALE,1
628.6011156,49594.15714,16298.93808,30,19,5,2,1,0.273327604,RENT,DIVORCED,DOCTORATE,MALE,0
645.053629,53573.12443,5000,30,46,12,1,2,0.055464484,OWN,SINGLE,MASTER,FEMALE,0
717.4819492,34092.45227,21983.09219,30,30,22,4,1,0.335958568,MORTGAGE,DIVORCED,HIGH_SCHOOL,FEMALE,0
537.7277978,32563.75461,7802.487989,15,21,8,1,0,0.075648329,RENT,DIVORCED,MASTER,MALE,0
688.2409746,64642.24506,45639.80989,30,59,16,0,4,0.520342852,MORTGAGE,DIVORCED,MASTER,MALE,0
666.6452208,67992.8196,43806.24446,15,62,1,2,1,0.172981645,MORTGAGE,MARRIED,BACHELOR,FEMALE,1
699.2451264,8616.242954,7869.464531,30,27,18,0,2,0.304241524,OWN,SINGLE,HIGH_SCHOOL,FEMALE,0
678.9168644,123285.392,46244.81028,30,48,18,3,4,0.136422641,MORTGAGE,MARRIED,BACHELOR,MALE,0
850,16691.25759,50000,30,58,6,0,3,0.029746751,OWN,DIVORCED,DOCTORATE,FEMALE,0
586.2260016,108472.86,34906.94708,15,25,19,5,1,0.125201078,RENT,SINGLE,MASTER,MALE,1
596.9003045,81359.71809,37270.00984,15,20,8,3,4,0.219960002,RENT,DIVORCED,MASTER,MALE,0
587.6859474,27688.63451,5727.225198,15,65,16,1,3,0.05539189,MORTGAGE,MARRIED,DOCTORATE,FEMALE,1
594.4522881,148765.5446,17193.59597,15,63,26,2,2,0.661641914,OWN,MARRIED,HIGH_SCHOOL,FEMALE,0
586.2612873,318.1584122,5000,15,26,1,2,0,0.259674749,MORTGAGE,DIVORCED,MASTER,FEMALE,0
768.9016531,105957.7087,5000,30,47,35,2,1,0.157251346,MORTGAGE,SINGLE,MASTER,FEMALE,0
792.0504248,110029.1159,50000,15,28,18,1,0,0.435964665,MORTGAGE,MARRIED,HIGH_SCHOOL,MALE,0
592.9253706,26468.98955,7909.481188,15,52,16,4,2,0.21861854,MORTGAGE,DIVORCED,BACHELOR,FEMALE,0
566.7644427,129623.265,27581.12535,15,54,4,1,4,0.369701954,OWN,DIVORCED,DOCTORATE,MALE,0
697.1415556,47497.67427,32866.62235,15,59,38,4,4,0.11171762,MORTGAGE,DIVORCED,HIGH_SCHOOL,MALE,0
594.7776956,74434.68146,39041.8423,30,30,17,0,2,0.447126128,RENT,SINGLE,DOCTORATE,FEMALE,0
713.2931818,73016.09194,50000,15,53,6,2,2,0.132871967,OWN,DIVORCED,DOCTORATE,MALE,0
670.2923021,53284.56293,5528.156928,30,30,16,2,1,0.253919595,MORTGAGE,DIVORCED,MASTER,FEMALE,0
498.4255885,100540.4137,5000,30,29,38,1,3,0.250546555,OWN,MARRIED,HIGH_SCHOOL,FEMALE,1
804.7505201,99674.43603,10593.08612,30,54,35,4,0,0.495272947,MORTGAGE,DIVORCED,DOCTORATE,MALE,0
829.5877673,27426.59866,5000,15,27,39,2,0,0.291248498,RENT,SINGLE,BACHELOR,MALE,1
588.721131,125217.0121,5000,30,26,3,4,4,0.308961417,RENT,DIVORCED,DOCTORATE,MALE,0
611.229844,23124.5994,8939.084851,15,69,37,2,4,0.415439669,RENT,SINGLE,MASTER,FEMALE,0
678.5865391,111627.3102,30625.31609,15,24,24,3,1,0.118490847,OWN,DIVORCED,BACHELOR,FEMALE,1
683.445679,116335.2568,16702.54342,15,19,4,3,2,0.211025635,RENT,DIVORCED,BACHELOR,MALE,0
715.8544273,5451.678489,7501.957583,15,40,29,1,0,0.435721067,MORTGAGE,DIVORCED,HIGH_SCHOOL,FEMALE,0
850,39459.2856,21246.10896,15,56,11,0,1,0.344806203,MORTGAGE,SINGLE,BACHELOR,FEMALE,0
632.3052773,4714.766576,5279.784368,30,57,3,1,4,0.22377002,MORTGAGE,MARRIED,HIGH_SCHOOL,MALE,0
570.1702755,49253.94849,5000,30,56,23,2,4,0.392323073,OWN,SINGLE,HIGH_SCHOOL,FEMALE,1
512.0680772,44598.28579,28908.43993,15,38,28,2,0,0.173382447,OWN,MARRIED,BACHELOR,MALE,1
576.906996,98983.02661,19549.66168,30,40,8,4,4,0.175243617,RENT,SINGLE,HIGH_SCHOOL,MALE,0
646.6873027,125515.4373,28735.13892,15,46,3,1,4,0.149768669,OWN,DIVORCED,HIGH_SCHOOL,MALE,0
829.4557864,129784.1905,5000,30,31,23,3,3,0.327676601,MORTGAGE,DIVORCED,BACHELOR,FEMALE,1
598.2388701,31891.59867,36294.78521,30,43,13,4,2,0.167111426,MORTGAGE,MARRIED,MASTER,MALE,0
672.3787952,49538.90631,19326.75922,30,68,4,4,4,0.507244389,MORTGAGE,MARRIED,DOCTORATE,MALE,0
648.3577104,24171.90961,16574.54372,30,22,17,1,3,0.764694004,OWN,SINGLE,HIGH_SCHOOL,MALE,0
768.8393273,19706.49668,19596.01155,30,48,18,2,1,0.143292877,MORTGAGE,SINGLE,HIGH_SCHOOL,MALE,0
850,108242.5817,39965.82234,15,42,11,3,4,0.226094311,RENT,MARRIED,BACHELOR,FEMALE,1
596.9131227,140779.1412,17683.07921,15,48,17,0,1,0.382766204,OWN,MARRIED,DOCTORATE,MALE,0
601.0560557,1717.443594,17395.31882,30,67,16,1,4,0.327559152,MORTGAGE,SINGLE,DOCTORATE,FEMALE,0
754.4160877,30376.78704,50000,15,37,29,2,0,0.201384303,MORTGAGE,MARRIED,HIGH_SCHOOL,MALE,0
718.189149,58679.71215,28271.68056,30,61,23,3,3,0.327224394,OWN,MARRIED,BACHELOR,FEMALE,1
834.6707326,74008.05794,11678.45977,15,34,10,2,3,0.36986185,OWN,MARRIED,MASTER,FEMALE,0
708.3928185,19519.824,24578.77075,30,62,34,1,0,0.383427431,RENT,MARRIED,DOCTORATE,FEMALE,1
614.0707909,81203.05222,9860.711901,30,19,22,1,2,0.53576213,OWN,DIVORCED,MASTER,FEMALE,1
709.0654831,36308.03265,5198.107824,30,42,16,0,3,0.39813846,MORTGAGE,DIVORCED,BACHELOR,MALE,0
760.8703581,59277.38646,18169.02467,15,30,0,2,1,0.21978518,RENT,MARRIED,MASTER,MALE,0
732.0482181,87314.2124,50000,15,56,14,2,3,0.145958004,MORTGAGE,SINGLE,BACHELOR,FEMALE,0
700.7274031,60321.11349,50000,30,45,31,1,2,0.219862565,MORTGAGE,DIVORCED,HIGH_SCHOOL,FEMALE,1
756.667469,38180.70547,8368.128075,30,59,8,2,1,0.313178646,MORTGAGE,SINGLE,MASTER,FEMALE,1
766.929559,54519.5098,15001.86385,15,23,14,3,1,0.072799455,OWN,SINGLE,HIGH_SCHOOL,MALE,0
788.2158991,55581.85204,5000,15,20,27,2,0,0.248787046,OWN,DIVORCED,HIGH_SCHOOL,FEMALE,0
714.8709888,41499.44851,50000,15,52,23,2,4,0.614137362,MORTGAGE,SINGLE,BACHELOR,FEMALE,0
633.288192,47060.19687,50000,15,35,34,3,0,0.788255682,OWN,SINGLE,MASTER,MALE,1
664.6713686,139932.3585,20968.401,15,28,21,2,4,0.30885905,MORTGAGE,MARRIED,DOCTORATE,MALE,0
770.6508967,88045.9724,32635.10807,30,37,26,2,0,0.075144421,OWN,MARRIED,MASTER,MALE,0
568.3064329,45225.9841,25112.35207,15,22,18,1,4,0.353616462,OWN,MARRIED,DOCTORATE,MALE,0
686.8673309,94847.72023,17986.61827,30,36,11,4,3,0.067446576,OWN,DIVORCED,HIGH_SCHOOL,MALE,0
610.6661188,43309.02551,5000,30,39,19,5,1,0.200321115,RENT,MARRIED,HIGH_SCHOOL,MALE,0
652.8744823,118656.2319,12130.74358,15,36,0,1,4,0.317795983,OWN,SINGLE,BACHELOR,FEMALE,0
777.8451863,78482.10961,22465.45562,15,64,20,1,3,0.373788304,RENT,SINGLE,DOCTORATE,FEMALE,0
669.1099068,54634.8928,22635.0035,30,33,0,4,2,0.536768487,RENT,SINGLE,MASTER,MALE,0
654.6436548,82385.84629,9340.086423,15,41,9,2,0,0.070700748,RENT,SINGLE,BACHELOR,FEMALE,1
514.0143859,18543.8076,50000,30,58,31,4,2,0.262527549,MORTGAGE,SINGLE,BACHELOR,MALE,0
724.6253566,3661.626555,5000,15,21,38,3,3,0.18228772,OWN,DIVORCED,BACHELOR,FEMALE,0
714.5484181,303.74968,13877.32663,15,32,21,2,2,0.387676263,MORTGAGE,SINGLE,MASTER,MALE,0
850,67147.15474,23480.77184,15,42,17,2,2,0.109198226,RENT,DIVORCED,BACHELOR,MALE,0
619.2221765,146625.75,23889.41556,30,61,31,0,3,0.088138199,OWN,SINGLE,MASTER,FEMALE,0
671.9150328,171565.0073,20918.81942,15,52,26,2,1,0.279470159,MORTGAGE,DIVORCED,BACHELOR,FEMALE,1
674.9383684,91902.55507,6439.624779,30,31,27,0,4,0.043213951,RENT,DIVORCED,DOCTORATE,MALE,0
807.745328,85042.22375,5000,15,66,17,4,0,0.456009694,MORTGAGE,SINGLE,HIGH_SCHOOL,MALE,0
640.4704468,30052.88671,20208.74975,30,36,38,3,4,0.355515404,MORTGAGE,SINGLE,DOCTORATE,MALE,0
677.9021526,32866.31001,18290.95085,15,55,28,3,0,0.254001004,OWN,SINGLE,DOCTORATE,MALE,0
710.789651,20610.8124,5000,30,53,17,0,4,0.188942358,OWN,SINGLE,BACHELOR,MALE,0
668.6609123,28957.62009,24425.03428,30,24,7,4,2,0.268354603,MORTGAGE,MARRIED,DOCTORATE,MALE,1
605.3566385,51592.80907,12145.70231,30,47,30,2,1,0.259331064,OWN,MARRIED,DOCTORATE,FEMALE,0
669.4089993,36395.47112,22037.98921,30,36,33,1,2,0.52455254,OWN,DIVORCED,DOCTORATE,FEMALE,0
757.363175,38964.99052,36325.19282,30,66,6,1,1,0.52986301,MORTGAGE,DIVORCED,BACHELOR,FEMALE,1
547.3484701,97395.51281,5000,30,42,35,3,3,0.517382913,OWN,MARRIED,MASTER,FEMALE,0
663.2969674,6362.848713,5000,15,33,17,2,0,0.554559499,OWN,DIVORCED,HIGH_SCHOOL,FEMALE,0
579.9879185,71962.34321,30201.13754,30,64,37,1,0,0.347684496,RENT,SINGLE,HIGH_SCHOOL,MALE,0
769.5046629,163704.1335,18816.66015,30,57,8,2,3,0.171439294,OWN,DIVORCED,MASTER,MALE,0
497.6813095,14030.77042,24055.44182,30,68,8,1,4,0.478568978,RENT,DIVORCED,MASTER,FEMALE,0
594.1078153,66514.37614,36422.32075,15,25,7,2,3,0.547056406,MORTGAGE,DIVORCED,DOCTORATE,MALE,1
687.7211875,45699.78891,32471.84578,15,35,34,3,3,0.435449764,RENT,MARRIED,HIGH_SCHOOL,FEMALE,1
806.5524029,115047.9817,50000,15,45,17,2,1,0.442330047,MORTGAGE,MARRIED,MASTER,FEMALE,1
643.4249739,157917.3727,15354.61641,30,33,4,1,3,0.198403284,OWN,DIVORCED,DOCTORATE,MALE,0
594.4800473,1477.479723,13407.98311,15,69,13,0,0,0.450101696,OWN,SINGLE,HIGH_SCHOOL,MALE,1
838.1157069,84834.96116,10279.51828,15,36,27,0,2,0.140064829,RENT,DIVORCED,BACHELOR,FEMALE,0
505.19861,36734.47716,5000,30,59,29,1,1,0.512359307,MORTGAGE,MARRIED,BACHELOR,FEMALE,0
430.1194043,54702.58228,17001.03718,30,34,3,2,1,0.212251763,OWN,SINGLE,HIGH_SCHOOL,FEMALE,0
694.001445,192217.1674,6487.267594,15,62,38,2,4,0.084635045,RENT,DIVORCED,HIGH_SCHOOL,FEMALE,0
599.7945776,15148.51642,50000,30,30,19,2,2,0.588251715,RENT,MARRIED,BACHELOR,MALE,1
547.8767183,72686.98307,17502.53452,30,24,24,1,1,0.446980555,RENT,SINGLE,BACHELOR,FEMALE,0
720.8356447,83384.65859,17970.98987,30,44,27,1,3,0.367641209,OWN,DIVORCED,HIGH_SCHOOL,MALE,1
674.3800714,114289.3162,8767.763283,30,27,11,2,1,0.334653738,MORTGAGE,MARRIED,DOCTORATE,FEMALE,0
593.5921369,64899.15767,5000,15,51,1,0,1,0.208124642,OWN,SINGLE,MASTER,FEMALE,0
521.9695601,75402.52698,5000,30,53,13,1,1,0.411148056,OWN,DIVORCED,MASTER,MALE,0
737.2457328,40417.57163,11009.88041,15,42,21,3,4,0.141919344,MORTGAGE,SINGLE,HIGH_SCHOOL,MALE,0
715.0201178,73456.34706,5000,15,23,30,0,1,0.101869513,RENT,SINGLE,MASTER,MALE,1
640.0824136,42840.38623,18671.12634,15,41,22,0,1,0.507611299,OWN,SINGLE,BACHELOR,MALE,0
834.6636996,91078.59449,42568.09936,15,35,19,1,4,0.436006699,RENT,MARRIED,BACHELOR,MALE,1
542.9915234,41519.4832,42897.0709,30,40,37,1,2,0.500990826,RENT,DIVORCED,MASTER,FEMALE,0
497.4474829,78855.0197,21520.11956,30,23,3,0,0,0.625580062,MORTGAGE,SINGLE,HIGH_SCHOOL,FEMALE,0
580.809193,58536.85932,5000,30,46,14,2,4,0.128646511,MORTGAGE,SINGLE,BACHELOR,FEMALE,0
645.4413984,116302.5125,39755.02449,15,42,23,2,4,0.363662225,MORTGAGE,SINGLE,DOCTORATE,MALE,1
674.3339449,57430.31382,43447.53549,15,34,24,2,1,0.253029613,RENT,MARRIED,DOCTORATE,MALE,0
625.8763942,28651.62341,5000,15,63,0,0,1,0.395338799,RENT,SINGLE,BACHELOR,MALE,0
685.2055397,123096.075,26744.45317,30,41,6,3,0,0.21046671,OWN,MARRIED,BACHELOR,FEMALE,0
524.8460576,14713.38496,6752.004822,15,28,30,0,1,0.477416761,RENT,MARRIED,MASTER,MALE,0
794.3764604,27311.68307,32454.54779,30,43,11,2,3,0.444184659,MORTGAGE,SINGLE,HIGH_SCHOOL,FEMALE,0
641.7848822,30216.9353,50000,30,68,4,3,1,0.35193663,MORTGAGE,SINGLE,MASTER,FEMALE,0
761.7295832,128721.9047,5000,30,51,37,4,1,0.040955771,MORTGAGE,MARRIED,HIGH_SCHOOL,FEMALE,0
684.2725346,46783.7107,45531.69419,30,45,11,2,3,0.231410948,MORTGAGE,MARRIED,DOCTORATE,MALE,0
695.6753219,216887.4267,19490.61109,15,20,38,2,0,0.613019792,RENT,SINGLE,DOCTORATE,FEMALE,0
706.976728,112802.8405,50000,30,28,17,1,3,0.395661105,MORTGAGE,MARRIED,HIGH_SCHOOL,FEMALE,0
694.770856,71161.94571,12510.12644,15,55,1,4,4,0.521061948,OWN,MARRIED,MASTER,FEMALE,0
714.272276,57255.29997,37597.12143,30,31,9,3,3,0.048808427,RENT,SINGLE,BACHELOR,MALE,0
782.915253,74277.70374,5000,15,68,14,3,2,0.04461401,MORTGAGE,SINGLE,HIGH_SCHOOL,FEMALE,0
669.652117,86056.12142,8167.759011,15,43,29,2,4,0.2521359,OWN,DIVORCED,MASTER,MALE,0
720.9003758,92260.7793,5000,30,65,16,1,1,0.359940667,MORTGAGE,SINGLE,DOCTORATE,MALE,0
641.0264306,87780.2233,50000,30,38,3,3,4,0.396596249,RENT,SINGLE,BACHELOR,FEMALE,0
794.0117215,64479.03406,33962.53106,30,56,6,1,0,0.217750543,RENT,SINGLE,DOCTORATE,FEMALE,0
582.3607698,50133.07898,38284.9731,15,47,30,0,0,0.272219139,OWN,DIVORCED,HIGH_SCHOOL,MALE,0
830.0940433,52436.33582,50000,30,25,38,3,3,0.079718936,RENT,MARRIED,DOCTORATE,FEMALE,0
645.9842049,50254.58598,5000,30,68,33,2,4,0.31511943,OWN,SINGLE,DOCTORATE,MALE,1
506.9224898,116688.5048,9742.103574,15,37,5,3,1,0.117198438,MORTGAGE,SINGLE,HIGH_SCHOOL,MALE,0
662.8104415,89677.83611,5000,30,65,37,3,0,0.43345161,RENT,DIVORCED,BACHELOR,MALE,0
581.8948343,87019.43173,5000,15,49,33,0,1,0.26939891,MORTGAGE,DIVORCED,HIGH_SCHOOL,FEMALE,0
734.0643549,92795.03883,5210.82874,30,39,14,3,2,0.425344955,MORTGAGE,DIVORCED,MASTER,MALE,0
584.7376021,69736.80974,12663.90364,15,24,13,2,0,0.180274337,RENT,MARRIED,HIGH_SCHOOL,MALE,0
605.3816567,59064.56218,6254.860968,15,26,5,2,3,0.302971206,MORTGAGE,DIVORCED,HIGH_SCHOOL,FEMALE,1
461.0459269,40574.07735,5000,30,62,36,3,2,0.181470441,OWN,MARRIED,BACHELOR,FEMALE,0
604.7693681,116205.636,5000,15,18,31,1,4,0.148913528,OWN,SINGLE,MASTER,MALE,1
407.6120673,107376.3231,5000,30,46,2,1,1,0.223135957,OWN,SINGLE,DOCTORATE,MALE,0
491.6097177,21356.11661,50000,30,25,2,2,0,0.150116777,RENT,SINGLE,DOCTORATE,MALE,1
726.0414656,80352.61436,28483.45609,15,21,21,1,2,0.453166574,MORTGAGE,DIVORCED,DOCTORATE,FEMALE,1
728.5800159,11417.16327,50000,30,52,21,0,2,0.271729317,MORTGAGE,SINGLE,DOCTORATE,MALE,0
692.5457562,8980.908239,11587.10371,15,20,9,2,0,0.221208606,MORTGAGE,DIVORCED,BACHELOR,MALE,0
553.3023857,28664.13877,6524.812656,15,62,2,4,4,0.290461729,MORTGAGE,MARRIED,MASTER,FEMALE,0
645.2288644,103119.6736,32018.80215,15,57,11,2,4,0.206212235,OWN,SINGLE,BACHELOR,FEMALE,1
649.6397461,107656.2523,7898.039441,15,24,28,0,3,0.246240224,RENT,MARRIED,HIGH_SCHOOL,MALE,0
534.1635311,85654.271,7115.88874,15,44,16,1,4,0.396204718,OWN,DIVORCED,MASTER,FEMALE,0
800.3398302,96254.78934,5292.49214,15,18,6,5,3,0.257116338,OWN,DIVORCED,MASTER,MALE,0
737.7362291,85808.91436,5000,15,44,12,4,2,0.2435097,RENT,SINGLE,DOCTORATE,MALE,0
627.9035826,27925.92024,5926.736635,15,33,1,4,0,0.466685469,RENT,SINGLE,DOCTORATE,FEMALE,1
652.6885839,81596.12723,8780.016383,30,55,3,4,4,0.106908792,OWN,DIVORCED,DOCTORATE,MALE,0
670.8382808,100020.4763,22416.80263,30,24,9,3,3,0.187121086,MORTGAGE,SINGLE,DOCTORATE,MALE,0
445.8265132,97714.56649,5000,15,61,38,2,2,0.218899159,RENT,SINGLE,HIGH_SCHOOL,FEMALE,0
625.2822617,119445.6686,5000,30,40,23,1,4,0.570871204,RENT,MARRIED,DOCTORATE,MALE,0
581.8015752,95415.19236,33112.1126,30,58,16,1,1,0.288274528,OWN,DIVORCED,BACHELOR,FEMALE,1
549.837999,77572.41038,5000,30,28,5,1,2,0.234151894,MORTGAGE,MARRIED,MASTER,MALE,1
621.8899707,113507.5119,8390.625889,30,59,18,0,4,0.080523618,RENT,SINGLE,HIGH_SCHOOL,FEMALE,0
829.7686527,58673.93704,39999.14364,30,50,4,1,2,0.171241303,OWN,MARRIED,HIGH_SCHOOL,FEMALE,0
714.0842861,15906.26744,5000,30,67,31,4,0,0.393636865,RENT,DIVORCED,MASTER,FEMALE,1
592.882101,51846.6518,5000,15,53,9,0,0,0.141143376,MORTGAGE,MARRIED,MASTER,FEMALE,0
707.2582781,22754.86776,13253.83367,30,54,8,1,0,0.338524186,OWN,MARRIED,MASTER,FEMALE,0
